,rent_amount
7046,935
4364,5440
9171,2160
3791,1950
9123,3490
9174,1648
7492,1700
10576,6000
4862,2000
7962,2630
8131,2200
618,2700
5730,1800
864,2150
8332,5950
3919,2850
7730,1275
5830,6500
7885,10500
1246,1200
5474,1650
9215,1780
3298,2710
2025,2200
8082,3680
7340,3200
139,2800
5055,985
10110,2240
10239,2400
5278,15000
7152,1800
225,1249
3889,12750
788,1650
2771,730
1982,3500
5103,1800
6067,9000
6719,690
9973,1200
8194,5280
1539,4000
6573,3850
7024,4500
8292,2600
7148,4500
8023,2200
9809,1100
3262,15000
8526,2500
10073,1600
5994,2200
2758,6900
9798,2600
4722,9800
6053,3655
4709,900
5974,2500
706,1200
5336,12000
8117,8500
4374,2700
1766,12000
3559,14000
4738,13500
6038,2300
7424,2125
7920,3000
4899,5800
5464,4200
2649,1080
9024,1300
4961,9000
8136,583
5746,1690
9130,850
159,2200
6895,2470
6616,1920
3058,1162
9058,650
9726,3150
2942,2200
10259,950
6210,690
1713,9500
4133,4500
4533,1780
2219,8000
2469,1600
9228,2500
6292,3800
4496,7500
8362,4600
7619,1105
10419,9000
8763,3000
4983,1040
5590,2500
7540,4062
7854,2600
5492,1150
6698,7000
5221,586
3815,1400
1854,10000
3427,6500
9353,2499
9031,2000
558,12000
5570,15000
10552,5000
6447,1310
6262,4010
7355,3250
3617,1100
5119,2350
2672,2300
3515,12500
9569,2300
2146,2900
871,4950
9070,5000
4455,2300
8542,2560
9311,3200
2478,4200
4939,2100
3033,5500
6356,1500
6099,4000
5623,1350
1037,5400
9827,1850
9107,2700
9461,1150
10477,3080
3579,1300
3311,1600
9253,13000
5925,2840
6219,4800
6916,2975
4031,6500
2278,5500
6854,1800
590,2150
4233,1700
5779,8000
7981,4000
7643,4500
3473,3000
9671,1400
9985,2400
5505,4200
421,15000
1147,8500
7809,1280
1243,1000
2872,1009
7497,1700
776,1550
6464,3500
9949,2200
2678,3900
2115,1150
6335,2700
2804,3973
810,2975
8338,2800
1270,1450
1791,3300
5569,10000
3103,7600
6407,2060
7918,2400
6757,10000
2369,1800
7883,1610
1865,3500
8658,2800
6893,3000
318,3680
8114,1000
7147,8000
4729,1700
9513,2140
8274,5300
5532,4960
3077,6960
439,1020
326,4450
3195,1700
9781,12500
5846,4500
4475,1020
3574,4500
8971,1600
5643,3000
7132,3500
7130,5300
3811,500
4393,4700
7806,2750
5306,6000
5763,5800
4367,3500
9405,1200
7899,15000
4886,1400
1661,1200
7368,2968
3484,2000
8822,4250
8133,4480
500,2000
7615,930
1092,8000
5231,650
8892,8900
1189,1000
8982,1420
603,5900
6205,6780
9059,4500
8543,4500
8021,4200
6137,1720
8867,2740
5468,6000
2272,1690
350,2000
6792,11500
2060,1400
8348,1250
7916,3500
4641,1850
1366,1050
10067,2000
8509,8000
6773,1305
395,1900
9321,1200
4134,7000
7816,1450
4680,5500
6081,7500
1863,3900
4079,12000
6315,2150
6400,2700
7203,2200
217,7100
6899,5400
5832,1500
3593,1300
10036,9240
7702,1550
3777,940
8859,7000
2531,1300
7745,1920
5501,6000
283,1200
1157,1500
9777,4500
2941,10200
6075,2500
2308,9600
6622,2500
3011,4100
2749,2300
1984,3450
8138,2530
6252,2734
2366,1320
2878,2000
4378,4000
4039,1000
3075,6000
9819,1100
3931,1380
8753,1480
890,2000
6334,1200
1899,1000
7487,4750
1374,3300
8647,2200
1087,4850
3716,15000
3237,4000
4902,3325
2173,4000
3691,2800
7529,4500
9847,920
10421,1800
685,1500
9391,1820
2470,2100
9021,7000
2221,3100
6860,3500
5670,7500
3163,900
274,3500
2420,11500
10669,12000
1357,4200
7775,8000
6537,1370
7193,2900
4733,1600
662,1350
8737,4500
5971,5500
4660,1900
8207,1300
4265,1600
8265,1500
7473,1500
9119,1100
6173,8000
1457,6000
6530,2780
417,8000
8710,6000
5108,11000
7287,3491
6859,3179
2365,6000
2706,15000
2162,6000
10495,1740
10005,1440
9855,1000
10410,15000
8523,3000
9857,15000
542,1360
7653,8500
3276,2500
8084,15000
6494,1300
8331,1600
8833,1000
10621,1600
7719,1345
6316,2800
4219,1300
528,1100
5430,890
6761,1750
2909,1350
9025,1300
8811,3200
9670,2800
5050,13000
5652,6000
8028,1200
7413,1100
6019,1230
3950,1380
2619,24000
2627,14000
8841,2000
7661,900
5140,1200
6706,850
9696,4080
129,2400
8341,820
362,1900
303,2500
1703,1600
5697,2000
2724,3000
3000,1850
1490,5200
293,5150
7059,1800
5522,730
5701,1250
10404,680
7474,7000
1283,7000
760,4000
5682,980
3519,2550
2441,7000
9395,1100
5716,5500
4244,1570
6628,4500
8525,6000
504,900
8633,1300
1536,1500
6216,1100
6431,5100
10061,2500
4956,1100
802,2400
3874,3000
6559,2050
1770,1000
4438,3200
5232,1760
3989,1450
790,1800
5747,2500
2503,9000
2658,3880
6715,4000
4082,5800
9350,1200
4638,2300
21,2690
4839,1250
3966,10500
8162,2100
114,7000
5420,1100
1761,4775
4639,2000
8614,2400
9633,860
4415,3800
2064,7500
7537,4250
5751,4338
5431,9000
7525,740
9844,1760
3024,2000
343,1500
10545,5440
4871,1100
4647,1739
9621,2460
2108,1900
10423,1450
7851,3000
1210,2600
9839,6502
2192,750
1156,1290
10683,4000
3780,2600
5808,4500
1311,2050
7593,3500
2,2800
480,2800
1054,1500
4208,3300
10210,8000
4090,15000
1843,6520
3303,10000
8193,1600
9163,5000
5209,816
3638,2000
6083,2500
7543,7500
7400,14000
7170,2000
8464,5000
4706,769
10332,1490
2689,3390
800,6500
1937,1800
6095,2750
8585,2200
2841,5500
3341,1200
7513,15000
5273,5600
1809,5800
9036,10000
1939,2100
6451,4800
8403,2400
192,2800
9812,2500
7556,1700
7826,4550
1199,980
7736,1094
4777,5000
2848,780
1062,1700
5666,1900
10569,1100
3769,4000
325,600
641,4800
8947,1840
6078,1800
4942,1110
2220,2250
3963,1700
7548,1980
1746,10000
5952,1650
8002,5300
5218,8000
3273,1800
2641,7925
8850,3300
10341,1200
1885,1090
8931,5500
1790,3500
4063,6000
9220,1350
6254,1140
8869,4000
1684,2300
3773,3200
4355,15000
8168,4900
5508,3300
4869,2000
5419,6000
9240,1800
2596,1018
5910,1500
5397,1700
5263,2200
7156,2100
4065,5015
1333,1300
7949,915
9593,1450
3742,550
8379,6000
5883,3700
5756,2500
4359,8000
782,1080
5053,2500
4943,6156
8461,2600
6389,1297
6082,10000
5005,2700
1780,3300
8688,13000
7452,7935
152,6000
2950,850
4858,1650
69,5000
795,831
10065,1800
1193,1200
7902,1890
2427,1020
9644,1450
9716,1100
5556,2200
10564,5000
8717,5400
9109,1000
5715,950
4004,7450
10245,2750
8250,2318
97,3000
2452,5850
6393,12000
491,740
3403,1700
8146,4000
6006,1300
1391,2300
3424,3430
9959,12000
3104,15000
8228,7000
6027,1884
8478,1100
6289,2900
3553,1612
1265,5000
1812,4500
651,650
3614,2000
5193,1950
3785,1740
5216,2559
3547,1760
3623,2600
5598,3000
4782,4240
635,1890
6993,1800
8793,2000
7397,1600
6331,2200
6891,1627
4906,4000
5098,1000
1552,1000
1943,4400
7911,2100
138,1370
2629,2300
10182,960
5292,3500
2535,5000
4170,15000
2412,2020
2561,4800
697,7500
6601,2800
2522,7740
8058,2872
3663,2690
1615,3500
7811,1381
4815,3000
9481,3250
393,2100
1203,2100
5592,1300
913,1800
2328,8500
2456,14200
6551,3500
5574,1000
10582,4000
4042,800
6341,8900
6124,1800
8010,1100
5453,4100
6385,9500
8839,1300
2494,1600
7320,5500
10203,1670
2996,2800
3523,5120
8487,3000
8856,10000
6867,1270
1007,1600
7709,1800
426,3500
2991,3500
2398,10000
2318,3315
10081,3300
5833,1440
9273,2310
7214,1250
6685,4500
4965,10000
9465,2895
2525,9980
3465,1198
3193,1100
8998,9000
2963,1200
7533,4700
8727,4800
1747,3800
6134,10500
4754,5500
6701,1700
4508,1230
2263,1900
7603,1600
7605,14000
6390,1615
3897,4675
161,9000
9504,6500
10236,1000
4600,1560
6041,7000
1928,1150
6355,705
7391,1650
5713,1500
9940,1950
5283,8000
1304,2000
3423,1500
8943,4600
3505,3300
1343,9800
5668,3400
8798,2400
5364,2200
2839,5800
2945,1250
2517,1200
8796,8000
4662,1600
6406,4500
2560,2125
6063,2850
895,4500
258,1400
6717,1100
8368,1984
2116,2066
1685,1172
1126,14000
1561,2300
10513,3600
8954,12000
8195,730
10653,11000
4153,5950
8497,1700
1276,15000
4023,4350
10141,9000
4150,2290
182,1500
8816,1150
5027,600
3506,1740
698,7000
2112,4000
108,2400
7565,5000
10405,761
2606,4700
6668,900
3688,6000
7686,1190
6929,1700
2508,830
4008,14000
2594,3360
7183,750
3308,1100
809,3700
4058,4500
5986,2750
6995,6500
3629,12000
5824,1950
2631,1000
361,4398
2597,1800
8466,3500
3545,5000
5788,1290
8692,1559
5444,1800
10661,2200
4239,1820
6049,7200
9763,9600
3189,4000
9154,1200
1938,1740
4251,2250
7035,1920
5632,4000
6832,8000
279,2800
7011,2800
6555,3300
4811,2000
8019,3200
10078,4100
3003,1090
4229,11000
8635,1050
8430,1100
10194,2800
4947,1500
629,1700
6196,980
9983,1817
5137,700
8537,2500
2348,8000
493,10500
5013,4200
3812,6290
5485,3500
7461,1400
4944,10000
3324,1300
6237,3550
1253,20000
4799,8000
10553,2350
2261,2500
9307,913
833,915
1555,3696
7283,2400
1998,2900
7411,5000
8825,2200
6657,1500
9184,2800
2846,7500
9772,1800
5417,10900
10124,2400
6028,1690
6556,1500
7415,6000
8739,6500
7997,4500
566,8500
934,1400
4067,2700
971,10000
85,2500
8411,2800
3290,7000
4590,850
7230,3850
7071,11000
658,4110
8064,4700
1586,13000
6086,1400
8570,4950
9477,2800
9427,3700
4629,3300
5939,2500
8518,7000
2461,4000
6040,1700
2605,2700
10166,1510
3,1112
5413,2500
993,2570
1771,2400
9271,1550
10501,5000
1911,1600
6317,6000
5752,650
10483,1250
664,8250
10606,5200
7657,3600
5495,8000
8248,6000
8596,1338
10276,2700
3886,4050
10319,1340
10120,1260
5421,1500
6571,2300
1788,700
8047,10500
9559,8500
6165,12000
1958,2800
5378,2200
1842,1240
6833,12750
2030,1569
8711,800
10424,1400
9060,2968
5593,2999
863,6000
10593,8000
2976,2325
7267,1780
777,15000
3661,4000
3404,1200
5727,3500
3808,1710
5677,1150
3509,2000
4588,1100
8705,2800
3538,2600
2013,1310
7004,3000
8516,1300
5606,1100
5353,2650
2756,1075
5178,8330
712,1500
1528,2125
7463,3800
10649,1343
8893,900
1569,9800
722,15000
7640,2500
4566,2720
9970,1600
2831,15000
10444,1300
4052,3580
4527,1100
8432,6500
4936,900
9341,2400
5269,6600
5157,3980
6402,1820
4096,3700
4828,1100
4178,4100
6269,7000
4672,1300
5503,1400
2079,900
3081,4000
8560,15000
6820,1250
7251,12000
5172,1654
3890,3450
1683,15000
1945,3500
5719,1490
1564,1222
2812,2000
8567,8330
10250,2000
5568,12000
862,6000
1884,980
7815,2200
147,1920
8401,1800
6414,2500
9799,2500
7036,7500
10298,1700
3625,1290
914,2700
171,2144
7827,1760
1282,1600
4642,1500
8512,1940
4813,6900
944,14000
7913,3370
9161,2500
5866,2800
9168,1800
5117,2500
5056,8000
1921,950
4483,850
3432,770
8597,4500
9381,3200
5706,4794
1807,2362
10650,8000
287,1300
1212,2600
9905,1500
7310,3240
7065,4300
7235,1050
9077,10800
4097,8500
2246,7000
2510,12000
4742,3999
6985,4000
2436,6950
2970,2000
10303,15000
3277,8000
5610,1550
181,1500
3428,12000
7810,4000
71,1050
8336,2600
4632,3300
2034,1460
4022,460
3621,4100
5892,1800
7756,6000
10449,5000
2903,6500
6502,1100
3218,2800
6917,10000
2499,4900
4609,1300
10493,3300
8485,14000
1131,870
3744,800
4396,2900
215,2900
243,6000
582,1189
9551,3250
10179,3250
2682,5500
7572,1470
8921,750
9449,2400
8654,4210
2437,3500
7868,2750
8988,1100
4333,3400
8073,7500
6383,4100
3389,3000
124,5010
10630,5500
9294,5500
4841,3800
1673,2000
8420,2300
9895,7000
4867,4500
5317,7800
655,2400
5899,2600
4066,2800
2691,5780
5247,2800
857,1280
9706,12000
10510,750
8140,3600
8757,13000
79,3500
180,15000
6306,8000
4926,2800
6710,1000
6284,1630
5423,3200
1497,1500
3926,15000
2926,3990
8212,7000
8799,915
4506,1600
8966,3400
4287,3500
3664,2550
5689,954
2134,7200
4507,1397
9298,1280
8196,13100
6810,3300
1487,1150
3085,1530
10048,3260
8539,1305
7848,12000
7185,1600
4106,1000
7771,3200
3576,1510
3782,6000
8928,1000
3568,1500
4652,2100
1281,4000
6565,1039
2507,8900
2463,850
2374,1850
7953,8600
10580,8000
4433,4150
4958,4300
4775,1950
8952,6700
2054,850
4778,1600
5004,3500
8902,1200
7626,1500
1922,3300
733,9500
1361,3870
88,6000
1183,12000
3179,14000
8269,2600
6905,3300
7505,680
838,11500
7614,3060
6651,15000
7291,11600
749,9000
6759,1960
2900,6000
5765,1000
3822,1600
9318,1100
8653,1800
8124,3000
9056,1180
6630,1630
3754,1200
9475,900
9999,750
5922,10000
1378,8750
1962,946
4838,2200
469,1370
5449,1850
1317,4200
2082,1800
4834,900
9602,3500
3185,1400
8280,7900
10184,6800
6226,4500
1641,15000
2645,8000
2514,4500
5075,1930
4960,2200
4774,8311
4951,4500
5877,15000
5424,1400
9676,5000
387,1600
2361,5500
3009,3478
1313,2100
4184,1650
2125,1341
8314,3000
61,5100
3216,1600
9265,2750
1016,2550
2990,3700
7033,3050
6937,4500
10676,1200
2090,3600
9204,10900
2058,8000
6246,15000
7073,2000
3420,3400
6005,3388
7559,3300
2481,2000
4086,1600
4627,1700
4011,2700
5694,1900
8171,2280
4458,5500
2210,1870
6892,1360
3067,9500
6620,650
14,4370
2042,1000
9773,3050
7088,3850
241,8330
3728,2550
6338,15000
6495,4500
3735,900
10599,5500
7447,3500
5256,1300
1373,6350
8806,2750
9494,1440
2677,2300
7220,6200
8815,2400
3390,6000
5564,3400
9802,9000
2336,5000
2362,1000
9069,2200
761,1390
5441,1420
5510,6698
7796,2900
9605,1270
285,10000
1124,4700
875,3102
5475,980
7,3223
6544,3000
1724,2000
2528,8000
9663,15000
2985,1700
9762,12000
1482,3550
3764,6000
7560,2300
6670,1150
3932,1085
9784,1600
945,4000
7176,3800
6259,2430
9041,900
1385,2700
8511,7900
3411,1400
6291,3500
2086,8000
2087,2633
4024,4300
2379,1200
5199,8500
7627,1800
10555,3000
2238,2200
6152,15000
8563,12000
8230,2000
2616,3800
7823,8500
2445,3300
9360,3000
10411,1100
7166,2662
6968,1100
1430,1250
10348,4500
778,5300
2995,1870
3790,4300
6575,3850
5839,4350
1519,4250
4016,7000
19,12000
1224,977
3953,5000
6013,2160
9680,3000
7040,3500
8075,700
3583,6400
3883,3378
7127,4000
7530,2000
5116,1500
4472,5100
6705,1990
7760,3072
5803,7200
7527,2500
7792,4500
3334,8000
8640,12000
3002,2000
3831,3200
9237,1850
8912,8000
130,1600
4357,7250
7926,6330
8074,1250
5161,2800
7299,3000
524,1500
4159,3700
2681,1399
9587,1500
9831,1500
8112,8500
340,1100
8941,2500
2179,650
10491,12000
6125,3800
3551,4300
2443,4500
10169,6300
2326,4500
780,3251
9373,4500
9932,1170
8643,2540
9609,1600
9955,14000
1227,1070
8780,2700
2313,1300
6921,3200
9402,7000
9931,2900
7726,3700
2130,4800
8521,1800
3445,6160
2450,3700
4179,1336
7395,740
4938,650
5393,1200
9634,2127
7019,1545
3895,6020
2726,1700
218,1570
1052,2300
3537,6000
4416,2000
332,1100
8690,1900
6652,4910
5272,1500
936,1650
3634,1000
9248,10000
7265,1390
8612,6000
2722,1800
2128,2800
9134,2200
6953,1500
9137,10500
9278,15000
3947,800
8986,2999
2958,900
9049,1500
8810,1260
7963,1990
2135,1200
9468,800
501,2180
419,900
1184,5550
4905,2100
7596,5150
4148,1650
7805,3600
1396,2040
5524,2250
7853,3000
5649,6450
403,3490
10475,800
8636,3500
7348,8500
4139,10800
3694,500
8067,15000
4727,12000
1113,6200
2400,980
2550,1750
5707,10000
6404,2000
9530,3000
1141,1200
3393,833
4158,4000
703,1970
7445,1450
2140,2300
541,1600
3775,4000
9129,3250
1041,8900
7439,4900
4002,2390
1722,2500
7205,7500
6599,2000
3562,1100
7746,2900
9397,800
3448,3399
3975,1600
6296,7900
5328,8000
2901,15000
680,11000
3541,1100
4252,2370
3948,874
9508,3400
8687,5500
3669,4000
867,8000
6018,6000
9172,750
2350,800
8339,1650
3828,4200
5012,7000
585,1350
899,1800
4341,1500
4270,1200
6733,4396
4832,1700
2195,7200
9510,3000
7462,11000
4752,3949
4007,4350
574,1800
10170,3007
9250,750
5511,2975
7677,1140
2551,1288
6263,15000
9453,1340
8507,1100
4526,1948
2932,2650
2497,2940
5345,7000
4168,1310
3875,8160
7030,1500
2876,1800
4504,2500
3942,1300
467,3400
828,3500
5390,4700
1871,4000
9186,8800
4501,2860
3052,5000
7982,1000
9148,1800
3605,1900
6225,2800
10211,2190
7174,12000
5377,700
4512,1950
5523,1750
8284,4500
3881,3500
7151,1750
9459,6460
9362,985
9421,7900
9263,1500
4552,9000
752,5500
10660,950
1784,5500
5591,700
3956,12000
177,2350
9584,1250
8529,770
4485,1250
6805,2990
5917,1950
2446,5220
3292,1450
1708,4000
9255,4210
7360,1300
9404,1150
5604,2300
3925,10000
6310,3400
3690,1290
2506,560
6914,2100
2650,2300
9411,1200
10351,3000
9623,4740
7522,1080
10652,1490
427,850
5972,820
7396,1440
7846,1700
9125,900
3802,867
2161,2200
6667,10000
7008,2350
6281,9520
2323,3100
7586,8000
5059,1800
1005,970
9645,2800
8987,4500
6102,2730
2845,3000
4688,2700
1588,2200
3689,1300
5030,5500
5186,3900
4108,2500
6371,3500
6330,2550
6873,1900
8868,1200
6615,7000
2009,1250
1435,8500
2715,1650
1762,3780
7207,4500
1267,1500
9741,2000
3703,950
1247,10000
4555,5500
3137,700
4564,3310
1664,1300
696,2500
9662,2140
86,8500
7847,8075
5008,2500
7300,8500
1599,2400
1949,8000
7943,3200
4551,2100
38,1150
9704,7600
7480,1200
4266,2250
9588,2400
5965,3200
8504,1200
8069,1300
4651,4500
9361,3800
1777,2300
6159,2530
1275,1178
7084,3200
2150,4760
9859,3500
8199,1396
4701,2200
4558,15000
4320,5000
10464,2800
1534,5000
1040,2300
10004,3200
7378,2700
2081,1777
6098,2000
1614,1200
4856,8500
156,3200
5329,1250
4045,1630
1154,5800
9992,761
3682,3730
256,1300
6439,12000
497,5058
9455,6650
9606,9800
2610,3800
4844,2585
7114,5000
9274,2000
5801,7000
5404,3270
1580,15000
3586,3400
881,1200
8400,1000
5482,7000
4222,7000
5213,4200
2204,2200
4013,1200
9878,1200
1074,9000
2628,1200
2072,6400
1063,2100
4608,3200
3577,15000
6521,15000
3856,1464
3637,1800
5333,1927
3891,2030
7867,2000
8950,2000
7783,1800
8829,3800
6944,800
1405,5600
5900,2850
7541,1100
8843,2500
3255,2280
6580,11000
4836,5500
8388,5300
3026,1700
3054,3250
3129,1900
5768,1600
5469,890
6190,3250
6136,3400
5753,2424
286,1750
9433,1880
9166,3500
3903,1500
9299,6300
1355,555
4386,2000
2297,2300
6268,3200
2547,750
10129,14450
8465,1790
4903,1200
208,4500
1554,1330
3766,1300
2615,1800
8454,4200
7242,2650
7352,7000
2186,3500
4238,2560
8588,1460
7329,4000
1454,1500
6986,2000
5350,2150
1198,1600
6332,1650
6699,1900
333,7500
2774,1000
5476,5800
3139,5520
2888,3350
4535,4200
5223,4000
820,1350
248,1650
6070,8500
4489,2200
1729,2000
216,700
3979,2650
10589,1000
4290,15000
9892,4200
4326,1232
2010,8000
10526,2550
8055,700
1924,2800
6010,3600
6738,1800
4619,4000
1151,2083
5735,3500
9466,4320
7129,3300
3143,3300
8097,1500
2833,1000
6410,2570
7855,1100
4312,1500
1678,700
10684,3900
5348,1099
10451,15000
4616,2000
3806,6500
1540,4200
1833,3500
492,2300
1649,800
3672,2300
5898,2700
851,3500
8049,2300
9651,1800
1216,2600
8741,3290
4305,2000
8342,2300
2180,4500
2038,1100
957,1100
7419,6900
6708,3801
5011,4900
4849,4000
4476,1000
4967,2200
44,6410
7388,3300
5402,3260
5734,2100
3371,1099
4049,15000
4431,2800
5807,3850
5576,4500
8442,2000
4350,3300
6746,3500
5332,3500
648,2200
4202,1000
3646,4500
6612,1300
3662,1800
6680,3000
2104,3900
8837,3142
1585,8000
6313,1250
4643,5500
5538,6500
7285,10000
7409,4950
5911,5600
4443,7200
1764,15000
4797,850
5691,2700
4088,4500
8673,2300
4358,1080
7656,1600
2683,2600
8900,10000
1704,3500
6200,1800
9541,750
5901,12000
2382,750
10033,3400
5312,950
5708,10000
2828,5200
9890,1170
8481,8000
7536,2300
9251,8000
7599,12000
10313,4000
7821,4100
5044,1000
1464,4000
8773,1100
4138,7950
4615,736
4124,15000
9282,2800
7723,2200
9217,2500
7714,10200
10371,6500
5173,2900
1978,9000
4302,5520
9423,6000
7742,6000
3105,3500
1980,3000
3421,5000
9030,4000
10415,1300
4977,2000
3536,6000
8050,7800
10181,2280
463,15000
9239,3100
6077,2500
6479,1000
8166,6500
6088,1100
9315,2800
307,3200
3233,1200
10307,6502
7496,1500
8548,500
10310,2900
9598,1195
5852,10800
7449,5800
9658,13800
8836,2500
813,9000
3205,2100
5400,13000
4481,1400
8319,4180
33,2500
607,13000
6950,1750
1312,6599
7074,2500
4648,1600
8066,4600
2635,900
9189,2200
196,3300
2727,5000
2349,3060
10070,5000
3078,15000
713,2500
5820,1950
789,4890
4407,1800
4005,11340
8000,900
5573,1600
10195,1650
3970,3000
7956,4500
2760,1750
2835,11000
4456,4000
3102,10900
3599,6500
10227,3000
4173,2244
1550,750
1419,2300
6828,6800
2145,2200
8860,6140
221,5800
9749,6320
666,4000
10180,1450
665,900
8264,800
9067,950
8178,1000
932,1190
3166,3800
3498,1900
4633,2000
571,15000
6392,2800
9488,6835
4751,1539
5017,2500
10364,12500
3175,780
5814,2300
10397,11000
1033,1250
6629,650
3236,725
169,10500
10134,1400
8391,4200
3943,1200
1242,12500
5642,1800
5725,1000
9775,12000
281,1130
6732,1200
6700,2500
10690,12000
8827,1720
7410,2150
5638,2000
5343,2890
3589,2300
2655,8000
6111,7500
645,1200
1158,5000
7778,11000
7501,1400
2633,1000
128,1400
2224,950
10066,1300
9581,2360
3654,13000
5890,13100
117,2000
1070,1500
7807,14000
10126,10000
4592,750
4317,3200
1628,1130
8617,6000
912,1200
9323,7200
2640,5800
4758,1200
9051,4000
1316,650
9398,2150
8983,1900
1485,2362
1579,780
8990,1600
9874,9000
6416,1800
5028,4000
10686,13500
941,1350
6337,4320
5150,650
9945,900
3323,700
7341,2390
2462,3000
2860,1350
10258,1200
3869,1500
2572,1550
5596,4080
7876,4300
9317,500
10548,3200
1211,2350
6911,1850
5749,14700
1829,12000
4280,2039
6829,15000
2216,815
10558,9000
7669,6000
5942,2900
8656,11420
9032,1000
4001,4000
7625,1200
4863,1500
2286,3490
9033,1500
8498,1000
2071,7377
1365,1700
4366,3700
8801,1100
2705,10000
1879,1200
9280,8500
5674,580
6915,1700
7887,2180
9113,1932
4678,3000
5473,10000
9213,1480
816,15000
1474,4500
2656,900
27,1500
7092,860
8149,2200
7588,1250
6848,5000
6918,2000
430,650
2200,2340
4403,1600
1702,1290
8493,850
6928,2025
7712,1630
2644,4600
6345,1200
4368,10000
5980,1450
9822,5950
10685,7521
4271,2150
949,3230
6849,3500
8960,4000
420,8000
7076,5000
2637,2500
6731,12500
2518,650
7066,8000
4846,1768
7104,12000
2634,3400
609,3200
3900,2800
8887,2364
8550,5000
1845,12000
507,2200
42,2550
6472,8400
3959,3500
3142,5300
5145,15000
7598,5500
7717,4100
6781,4500
5165,1500
1471,2000
7052,900
2133,4200
8835,2001
4272,1590
6987,1800
7144,5000
8787,2300
988,2010
1260,1000
1266,5500
2113,5580
2757,6000
4635,1980
4025,5000
9354,1600
9923,1300
4725,500
6135,650
8427,2400
6816,2170
5644,2280
6788,7000
576,3300
3061,6700
1315,2300
2401,3800
7489,8300
2229,12000
794,3000
1324,4400
1075,2500
3787,3000
6033,700
9185,5000
9039,2500
10430,2900
8756,2240
6438,800
10028,720
7124,12000
4711,4500
1605,4700
9223,6400
1841,3200
7460,2880
3131,6000
5990,3000
964,8900
8889,2870
5235,3900
6729,3500
4142,1950
2119,2500
8189,12500
6021,1600
6375,1600
10474,900
568,6500
1412,15000
1001,2000
6526,1500
10596,1840
4852,770
3871,1897
2657,2600
3610,850
8444,2000
3861,2300
9249,4350
1448,3700
3076,4210
4548,1250
9131,4600
6597,2200
9142,2000
5640,2500
6161,5470
4964,2614
3053,1700
8714,940
7644,10900
5189,6647
7331,1500
6240,1500
8696,1900
8858,8500
5683,590
7992,1020
1466,2720
4546,1383
7831,2350
4094,2953
8587,13500
5651,6600
2826,5000
3624,2500
1476,3250
1810,4000
1977,2600
3707,7200
10082,15000
6973,8000
9515,800
2363,4500
9573,1100
5836,5500
1847,550
6191,500
8486,6000
9393,1380
8042,2800
3270,1250
3293,1250
2549,1050
309,11000
3813,1625
8807,2600
4072,2200
10385,1600
10318,10000
9779,2860
10538,2190
8402,1500
2544,1500
1645,2690
6176,8000
3350,2000
8808,3990
4447,10580
5821,3400
8574,1700
9660,2200
473,1950
2285,6000
2417,870
9561,1300
1592,4250
9535,1600
6069,1270
7215,1700
9300,1210
4264,1500
7538,10000
6251,820
6467,1500
8561,3250
7921,4200
3632,1100
2701,3000
499,2600
4693,1150
3570,8500
7852,960
5799,7000
3488,3776
1825,980
1546,4200
4919,4400
2509,1200
6360,3500
7050,4200
9760,2400
570,8000
3968,800
9691,1150
10193,1600
1371,1700
612,3900
7379,1096
5800,1000
1897,10850
1725,4520
3140,3430
8994,700
6037,1010
4908,1800
43,1631
1056,12750
345,3300
5817,770
8607,3800
5635,1600
8142,7500
7610,750
3398,1800
328,1200
8789,895
7289,4500
10425,1100
4773,5000
9721,10250
5943,2837
9567,4000
2775,1780
7800,6000
1013,1935
6954,13500
2904,6000
8144,750
406,3000
594,1900
7725,3353
10515,500
6391,5400
7924,3500
1662,4600
2290,15000
4769,1841
1936,800
1201,4680
6180,1600
9539,12500
4405,4850
5940,6000
10059,1600
1358,1600
1584,2100
2092,3910
4714,1800
4888,9900
2046,14850
9062,3500
7976,3000
7994,1500
5560,1890
275,1970
2929,4170
8020,2660
488,850
3459,1030
5969,1800
5760,2200
1805,1250
9182,3500
4388,1660
10225,15000
7338,1690
8154,1368
1670,2500
2434,1045
1686,1200
525,1700
4062,1300
1021,1100
6875,1560
4028,3500
3043,2200
9899,3500
1379,2700
8768,1600
3362,2470
10286,8820
9988,3500
1848,2170
6878,2000
9672,1100
2264,1084
3972,3900
363,4000
2612,990
691,2400
5602,1100
7755,2748
1831,9000
3746,1400
90,9000
3463,6375
2911,1890
2422,11000
7224,2500
4607,950
5009,1100
1794,1360
5034,999
8907,3000
3864,900
8102,1900
7486,2400
5711,3700
4195,1150
694,2200
7286,1200
5324,1850
2306,3300
1068,550
4865,9000
10002,2100
1220,890
4003,1140
7311,3000
8026,3900
4850,700
10006,3958
8668,2156
2719,2200
9286,1700
10583,15000
5561,5500
81,1020
8285,1799
1992,3000
10398,3500
8013,1000
8148,7735
769,3500
2391,3100
6194,2500
3046,2320
4673,2200
6506,15000
2203,2700
7470,1320
7121,2350
3934,1600
10205,1300
8290,10000
2956,6500
5724,861
546,5500
7832,1190
9219,3200
7737,1800
6350,850
6001,2100
4572,1300
9342,3900
8024,8000
928,7000
3416,14000
352,1400
4291,1590
5512,4500
4218,5600
9246,1196
7273,4000
6806,7800
1553,6000
6564,1080
1926,1300
9476,3400
10317,4500
572,2120
4822,3200
1073,9000
8885,4900
4700,5140
6048,2500
918,1500
876,1270
1418,3200
6249,15000
6492,2750
6233,3000
7128,3200
9314,2000
7680,1000
1089,2800
9245,1500
1576,3500
8832,700
2345,3880
9104,3800
7056,2500
7067,550
3171,1900
6435,10000
866,650
5500,1600
2907,3380
4820,3250
3213,1800
9009,1500
8018,5500
5040,3500
1602,2001
7856,4800
4584,3400
7606,12000
9553,1100
10574,2300
2266,5500
4313,3300
2690,1100
3358,920
1671,4900
8898,8500
3343,1080
10135,2550
8881,1800
2796,3110
659,3430
1522,1100
4275,600
4559,1500
4471,12300
6198,7000
3656,6000
4519,2000
9688,980
8094,3300
7042,5000
3500,1600
2585,2980
3704,4500
6817,7200
3575,3500
7577,3560
735,4000
8415,3000
3414,930
9333,3500
4279,4600
4830,2370
1723,1800
8143,4200
1577,2450
6593,1500
9195,10800
2765,3500
946,4900
7563,2190
561,4320
9695,3990
7305,3000
8713,2790
8048,4500
4979,6000
4620,1500
9359,1750
6578,2200
9066,3700
6179,1000
5254,5000
5154,1000
2124,700
10300,15000
1143,1100
9431,500
10381,4000
7689,3800
8238,3142
5255,11500
7927,2200
1177,831
3250,1300
7705,12750
10525,700
3349,1300
7740,2530
5258,5500
9810,1189
9258,1900
8595,7000
7399,2500
8761,2000
1547,1300
9177,8700
3007,2625
2699,2800
3041,8000
6255,2600
9295,5000
7721,4100
4874,6500
5147,2700
3214,3500
1135,850
5849,4000
6634,1100
8151,700
2164,800
564,4500
6942,2500
5303,1112
365,2500
4847,2500
324,3000
2987,2000
2968,8000
4115,850
7217,1910
369,15000
1268,10300
87,1550
1792,1100
4461,3100
4789,2100
4907,8000
4452,3000
8961,8250
7954,9000
4210,1100
2380,3800
9868,5100
9853,6300
6299,1850
5361,3300
9302,1000
4442,2050
305,1350
6208,2650
6704,12000
1668,12000
9814,7500
9446,5500
9926,3950
6516,1750
5458,5445
10175,1650
841,9000
2815,9000
9324,1600
8103,2800
4213,5400
2881,1180
1178,1000
8412,503
2396,1325
1442,1536
5163,11700
3410,3820
4626,2146
2802,2300
294,1100
7349,680
3012,1600
3699,2473
7892,1359
2943,1300
254,15000
2832,9000
157,20000
6692,3000
4494,900
4882,2100
1162,2400
8664,7500
3988,1550
2075,2800
149,1080
8033,11000
2521,19000
1526,2800
7951,9000
9608,3650
7442,700
5325,5500
4128,1100
1303,12750
3522,11000
6952,4000
9622,4500
4417,10000
6924,2700
172,7000
6531,4000
7938,2700
7280,1800
1849,1800
8125,1300
6881,700
2685,3950
3354,4900
3534,1450
1342,1100
4343,3100
8305,1880
8979,7500
8549,1617
10035,6000
1952,1556
6265,1290
6101,15000
7467,5120
137,1700
9233,8400
4085,1500
8781,2400
2736,2500
6775,6500
2482,1300
7394,850
4515,1600
9075,3000
10671,2900
7840,1050
8817,6000
7465,1250
6288,1150
8731,3700
1719,15000
3858,810
3827,8500
9434,900
34,4000
2235,1250
1239,750
3460,808
1245,1500
1824,1100
8185,966
7724,3700
9015,6800
3356,1500
7382,2500
470,2500
7264,3000
5316,2500
5655,2500
9641,2300
8508,4500
6228,4500
3446,2900
8089,850
3752,4300
8307,11000
3504,2910
1782,1320
7629,3200
530,3300
1656,1000
9375,800
9128,880
7140,2288
259,5000
3320,3700
987,2000
8470,2975
9407,4000
9547,1900
9664,9500
3357,3500
8287,3000
827,1100
10454,5000
2093,650
742,2100
2160,5150
10328,3200
2360,12500
1407,2800
6377,3571
8226,4500
1176,4500
7441,6500
2376,13000
9176,3500
4579,4300
4268,6290
5813,2200
9419,1100
5589,2900
7552,1600
3285,1200
6444,7500
2149,830
9830,4000
9436,2000
6207,3300
9751,2150
5166,2990
9304,2670
10253,1500
7710,6741
8361,4500
4010,1925
213,1719
1376,1750
8078,8800
1587,1805
6271,3590
7061,10000
2512,1900
7551,1830
3347,1100
4136,1520
4419,2200
1363,3000
7161,1250
6496,3400
5114,1777
9309,1800
2496,1700
8283,6000
3901,13500
7504,4700
2208,2500
6631,12000
3659,8500
10075,1700
1347,6800
1254,4000
2489,1200
5679,3800
9463,700
2492,3490
6186,2400
3128,2000
4783,2000
6055,3040
1665,2400
5194,3400
9646,2400
1386,1450
9742,2326
5047,3000
8106,7130
3422,1300
1081,10000
5092,3200
5480,1575
2132,8000
6725,1200
7613,5525
5242,1500
2541,1100
4429,3990
6796,3612
7290,1600
5769,500
3469,3400
5264,2700
2338,14500
4156,3860
9904,2200
8416,836
2206,1205
3483,1300
9430,4080
5827,1230
8072,1100
3549,750
8459,3700
437,3255
7123,1430
9800,2000
5074,1500
2676,1400
176,15000
5657,1200
10234,3000
1248,4000
3151,6000
10665,1600
1179,3000
8408,1250
4920,3200
9111,5100
5095,7000
10436,2149
5455,1300
10395,1400
7879,4500
5650,3973
972,5500
2938,1000
8949,11330
4547,15000
9153,4850
2414,9000
1149,2300
9010,10000
6841,2200
2684,1200
4880,3900
9858,1500
1403,2600
6855,7000
8719,10000
689,3004
804,2200
1820,11050
8181,650
3377,1350
3036,3500
10437,2290
7181,2960
7589,900
5215,8000
3485,10000
9403,2240
9647,9000
1887,3250
9631,2142
959,972
8559,4620
10543,4270
8522,2570
9491,1400
5314,2470
1255,9000
6427,1650
4625,1500
3238,3050
8392,1050
4370,1400
8424,5300
10118,1000
1544,6500
7478,1850
3713,4330
5712,1100
8328,1300
8387,5200
1672,3120
6432,3900
1837,4000
10359,3500
4887,1300
297,12850
10439,1997
9001,700
990,7900
3064,1540
3706,1730
2847,1970
1413,1400
7196,2200
2457,2050
6047,7200
270,11700
2977,3500
6211,2370
4894,2400
4335,1375
2986,2000
3454,2200
5816,5000
5001,5300
5259,4500
5051,12000
7590,700
4518,1000
10011,11500
2607,2350
5914,12000
7168,2500
1651,3500
2325,4200
1289,1300
5938,2040
5915,8100
6129,1850
4802,6000
3758,4200
5600,1700
3327,1600
10366,1200
9367,700
3602,900
6581,2400
5625,2500
9820,9800
4561,1178
5446,1800
10216,3000
2974,1830
739,2975
5809,1100
9740,4500
485,1305
7932,10000
9200,1800
185,762
6642,7450
8100,12500
10577,1930
9921,3170
3611,12000
3680,12000
5741,18000
5795,980
3749,1790
6181,2500
544,4000
4464,2500
4803,2000
1008,1195
9451,4190
6640,5520
1637,1112
10514,900
7022,500
6982,1500
9355,4500
1946,15000
1082,900
7101,850
4576,6500
4682,1650
4172,4950
5465,5000
9594,15000
5896,1300
2732,1300
5320,1090
7779,2060
5077,6500
91,9000
9732,2500
2341,700
6278,2200
1058,12500
7490,4100
1277,3000
2818,3300
10594,2500
812,2000
2120,2000
9669,3250
3200,5435
8210,3800
6840,1400
93,13500
3146,555
4381,800
10542,1235
552,2000
4269,6000
7194,6000
10271,1900
2856,1900
6401,7500
1616,3400
10309,12000
9340,1000
7574,1600
3015,4000
5648,1400
5861,6200
6297,5500
8991,2800
1562,10000
3008,1900
3385,12750
8968,2050
2037,6500
3122,500
8624,7330
9838,2630
2174,1200
9873,3300
2614,935
10634,2900
8108,1450
9538,1700
10616,1810
25,3500
1570,1800
8524,2700
7511,1600
2851,3200
3180,1570
4110,1250
2857,1300
7819,2300
791,7000
5806,1200
1527,1200
740,1400
3281,3100
1680,5650
4571,950
8407,1800
1323,1500
6876,4500
4917,7000
7090,7000
1624,1999
7216,3900
8202,1060
7929,4800
2763,1000
3296,3200
9849,2500
6052,6500
5149,4900
7998,644
792,1800
10242,5500
8107,3500
4913,9000
3291,749
9739,3300
443,2300
3178,1300
6515,1600
1279,1250
554,3600
6485,1300
4412,4800
3693,7150
6114,12000
9930,1700
3115,3400
4169,2750
8217,800
3594,3150
7592,8000
4972,3370
10031,2400
819,5500
2377,5000
509,6522
10045,4700
836,1080
1300,2480
2397,8500
8475,5500
7636,2200
10559,2273
222,1100
6768,3250
1789,5000
4658,1800
7326,4550
616,4900
9718,3800
8959,10000
8161,780
1639,10900
6673,15000
4511,5500
7941,13500
750,1800
5367,7000
1745,1500
2003,2500
8090,8000
7993,2900
5637,1275
1730,7000
457,2200
6227,5500
6455,10000
3080,3800
10390,3400
360,6600
8349,4200
9218,870
10654,2090
8233,1660
123,3570
4469,790
296,1500
3100,3315
2357,1650
4018,3500
1931,6000
5414,5000
8353,4200
725,2100
6901,1700
9934,2400
6068,14000
7162,1300
1571,3000
8795,5000
9600,15000
1091,1840
3860,2500
2303,3500
3110,5000
7676,9000
1308,7500
4425,850
7638,4800
1119,4600
5676,5000
1823,910
6029,1200
10069,4900
6051,700
4098,3800
10208,1000
8663,1660
3186,1100
6384,10000
8657,2493
9443,2514
9332,3142
9117,10400
5192,14000
142,1200
8876,1620
1278,600
3753,5500
7539,1950
10291,2000
7999,1800
9714,1710
6898,8090
6721,5500
10339,1430
9156,8400
9824,1100
6813,1300
4437,1300
2473,1190
7844,5000
2127,6000
902,1280
6201,1200
28,3180
2347,12000
1393,2400
3941,2800
1735,4000
9420,9000
9366,6000
9950,5500
2101,3400
10024,1900
2916,7000
6050,2200
4009,3280
3695,4000
2301,1100
8993,12000
642,4200
1139,2750
6486,4700
1636,5000
9580,850
6949,15000
422,2200
1910,1200
7713,1100
4354,2200
7446,750
8495,1140
3628,1080
9841,1550
317,14000
9990,2500
1755,3300
3174,4500
9460,5000
8880,4000
3631,3200
5100,2600
6080,4400
10301,1300
3271,3800
8794,1300
533,5600
532,4500
2267,7000
5060,6000
10579,1000
7014,2450
10188,1650
6460,3000
9935,13000
4614,4300
487,4100
6903,3400
2984,2300
183,1250
8674,1965
6570,8000
7420,2550
6596,750
5183,1650
3996,7300
8908,10000
7281,1850
52,4000
3242,2000
315,5000
3715,2200
2279,1200
7476,700
10296,2602
6650,1750
9846,3120
9016,1200
2487,5500
7236,3500
1787,4230
2734,10870
3283,1710
6424,3200
9048,3500
10089,3400
2069,5200
7973,1100
7201,8900
8676,5000
2707,6500
2053,1500
3261,7000
4868,525
6146,2500
160,3290
2109,3500
10087,750
3556,1717
4,800
3722,10000
2808,3120
4916,5800
9615,1800
9579,800
5477,1900
9591,7100
7509,2500
2188,2600
7154,5520
10680,2200
4671,15000
1714,3700
1034,12000
6349,1480
6821,800
6430,4000
1618,850
5016,7600
3476,4300
1753,1650
8450,2300
4474,5430
3590,4250
7903,4800
3977,15000
10619,2190
6065,8500
7849,2300
4819,2500
6280,1450
9969,850
9242,3000
6777,15000
1291,4000
10573,5500
2458,4300
5921,850
7443,2200
2154,1500
7169,13800
6277,4800
8651,1550
5338,3000
3501,1800
7184,3500
8846,3250
1479,1296
9006,1610
5244,3400
1557,900
5812,1600
7044,3100
4563,3500
3821,3000
2830,1180
1920,1200
2485,2520
10505,1000
2576,15000
9823,1160
9000,1200
2662,12000
5493,1300
7569,1358
7685,700
4612,2800
717,2300
4603,4900
9908,2500
9017,4900
6030,3010
1545,1630
8367,3600
3402,1999
1999,1400
1084,2000
6428,2720
8489,1100
3985,8500
5686,890
103,3468
10560,1200
6309,690
9091,14000
1017,1330
6419,5270
3640,9200
6845,9000
8443,1600
9170,8300
8036,820
174,2380
6123,15000
3914,6000
803,1100
6962,1500
4618,1200
9376,1600
6025,3000
2367,3000
9241,1600
49,1600
7145,800
7078,2500
2886,3100
8733,4200
7111,2000
6215,3200
10162,9000
10113,1100
5359,1100
2526,2400
1196,2000
1886,4200
10402,1480
5308,6770
10183,647
8135,2200
8457,1200
9979,5500
4400,3400
3417,850
8665,2500
9396,3600
405,2800
4517,2472
10154,10500
6327,3000
3071,8000
1861,1500
6803,4500
5550,1000
5565,3300
8174,3300
4686,2700
6545,3500
5352,1830
6143,1100
4918,1100
1549,12000
3615,1900
7770,2200
1197,2780
4306,2700
7250,600
10262,2230
4879,2800
1166,1580
6822,3000
8329,4350
7768,4200
9821,1000
2964,3800
7576,2400
135,3700
6519,15000
10688,15000
6608,1100
9211,12000
9942,2100
1944,2300
2598,1800
3444,2000
5322,1200
8236,1400
3317,5000
2817,1200
2834,4200
7219,970
8301,1250
2147,6600
7595,7000
2428,3800
3708,870
5918,3000
6238,1700
4488,1500
3567,1500
7263,1100
10320,3280
6128,4500
9531,3000
7812,2650
7262,900
10315,1105
4445,7000
4345,1150
3221,4900
7564,7800
2178,3390
4881,2550
1663,5000
5998,4000
8300,4200
10446,7000
4309,2666
9116,6000
2066,2890
2152,3000
1778,1220
4035,8000
4048,4200
5547,3500
7072,6500
8234,3590
8092,1170
1362,2200
5447,2100
10268,2300
476,1500
6397,4800
4131,1450
9079,2868
517,8000
4816,1500
3173,1280
10655,5000
676,7000
6501,2550
9552,1800
8356,2800
8235,2480
6333,5500
3762,1140
7828,3900
2632,700
3449,5500
978,9000
10642,700
700,1750
10659,3500
1815,1800
3604,2100
6665,680
1514,1600
3183,2200
7874,3480
8584,1610
7085,4675
9485,3850
4779,1000
10072,2400
5654,5000
76,2200
3962,1283
9260,6500
9807,5200
9052,2000
1160,1720
3862,5000
9098,3000
9103,1620
2228,3250
2803,1700
3641,1250
6646,1500
6503,1100
7776,6500
7275,12000
4257,1700
3118,2200
5658,2000
9710,2200
3196,2010
9085,9500
2712,1300
9898,1200
7031,2900
7587,11000
5261,2700
3557,694
2277,1300
4986,1000
9471,2700
5497,790
2177,12500
212,2900
2395,13000
2040,7500
7007,9000
4125,2500
5422,1400
5829,900
5142,1100
10417,5000
3339,2380
1345,2200
4772,5500
7246,5400
1000,2099
4677,6000
960,700
9101,2167
5226,1950
9652,1250
1535,3700
1532,9000
3844,2500
8152,2030
2351,11000
1648,3300
6508,860
162,1180
2327,1100
9620,7000
7058,2900
6456,1800
3907,13000
6035,13000
7703,1790
1105,900
8093,2200
9372,3000
575,12700
4026,5660
5847,1150
4667,1650
7990,1000
8137,5000
6016,1530
8267,800
6574,980
6579,15000
1397,1700
3578,1460
2239,1900
1758,15000
6655,12000
5020,2100
3675,4500
643,970
10213,9000
6378,2500
3922,4300
10144,6300
1763,2800
1712,9350
7377,1800
10130,1750
10100,6000
7274,2800
4289,1200
9876,3000
391,3000
10243,15000
5181,6000
5490,4150
5904,9800
1380,2800
10178,1173
7900,2950
5363,2520
6115,10000
3384,4100
8744,3000
7288,2910
2381,2800
9806,1800
10618,6141
6567,13000
6643,12000
2636,3300
2100,1062
8431,2100
6964,1200
4205,6000
10266,1700
1647,950
8118,2200
8879,2100
7309,4000
7983,2950
9767,12000
1280,10000
4414,14000
389,4000
5744,6200
6653,2800
304,10000
4020,4100
5467,890
5310,4860
4713,900
8122,5700
2688,3700
9,2300
1873,3000
3587,1800
10052,3000
6112,5000
9023,1000
3478,1049
8573,1550
10679,4000
771,3500
9811,6970
2980,2000
8381,950
7064,3900
1806,4339
3803,2500
9756,10000
5265,1800
6618,3365
2078,2100
10119,10000
10638,4000
7914,6400
62,2150
6103,3000
2587,1700
4104,1000
3497,1600
1878,890
4656,3500
89,2800
8231,14000
4145,2800
5545,3500
7027,4000
1095,2000
3251,7700
9390,7000
10191,2200
2354,13500
5907,1850
9938,3500
10122,3800
10127,1100
209,2990
4950,540
8350,4000
7223,2000
6801,5900
8409,900
1813,3800
3145,2550
6712,1800
4978,1220
1895,900
6842,5100
1638,1100
1518,3500
3761,850
9310,7000
5067,1570
3884,2800
2867,2800
7865,13000
7001,15000
5093,8000
3267,4000
4718,4500
8315,3300
8281,3360
9071,2700
1423,2500
2590,2200
1,4960
8586,800
5884,15000
3898,1800
6744,780
1269,6800
6118,16000
6676,1400
8579,1300
9040,1400
5375,800
8220,1450
9888,15000
10279,2000
1957,1680
5191,3800
4649,5525
6793,3700
9877,980
937,1700
167,2900
4765,1740
5923,2350
9469,880
8095,2961
2343,1465
6843,2700
3892,1640
3627,2900
10447,4500
6818,5500
743,2100
9180,1040
767,3400
2730,1400
5070,1250
2563,1530
10363,2460
453,6500
375,11000
1207,9900
6031,2000
220,1040
3757,2198
384,3000
6535,3700
5370,6994
1103,4600
8503,750
1533,1000
8598,2100
10289,1550
8484,3000
7054,5300
9630,2000
3391,6000
514,4500
547,15000
909,2800
1625,15000
8334,10000
6009,6500
5859,3000
8159,2950
6120,14500
4235,1170
8877,1300
3157,987
8382,1410
5450,2300
4286,6000
624,609
5893,7740
821,1800
9267,3900
466,1600
5615,1800
1741,5300
2156,2200
5156,2750
6182,1200
1942,7500
9817,7000
4075,2500
6930,950
3493,1300
1869,1200
6811,1260
5518,1100
4698,950
115,2800
7407,2306
860,2600
10435,1600
4760,600
6247,2245
8286,950
7609,900
975,2700
1743,20000
465,800
3863,15000
506,6000
10540,1000
6645,2500
271,6000
2667,2200
2805,1100
5553,2400
7319,1500
8536,5000
4161,3910
3376,12000
6369,12000
6753,4500
8677,1350
7112,3200
3825,1300
2750,4000
7561,5556
7023,4200
6034,1300
3184,9530
6864,2500
3771,1850
9197,970
808,1600
9261,950
3721,2690
54,2350
5700,1000
6256,2100
3719,750
2953,2300
4152,1250
4985,3999
786,1620
2620,580
2954,1770
1774,10200
1563,3000
72,5600
8109,2306
9650,4500
6154,5500
10050,6000
10496,2650
7666,7000
4583,4800
1472,2000
7117,7000
690,2700
877,2500
253,1200
7416,2000
9408,985
1046,2430
8395,1900
8532,1125
3226,1650
3452,1000
1182,1300
8742,11000
455,650
6695,1200
5822,4080
4308,3000
10196,5500
9616,1000
8527,2300
9037,7000
2965,2200
832,1150
5774,1200
7521,1000
5120,10000
3807,3300
9668,10000
4123,2200
10114,2000
4174,3800
7864,5500
7158,12000
10021,7609
4171,7950
10551,3000
10336,3900
6153,1500
2438,1480
907,3500
7179,2250
6206,3600
3595,6500
3667,1760
1709,1680
9235,4700
536,10000
10096,2800
7163,1900
6598,6000
3946,1020
6372,750
4808,1680
5440,2800
1834,2500
7160,1940
8320,2300
3487,10000
5714,9876
223,7500
6398,8200
9305,10000
7908,5330
8890,2200
1187,2600
244,2200
4444,1088
1232,3507
8784,800
10147,4500
4767,3910
5019,15000
5636,1400
8224,7800
3681,1600
7422,1500
1844,11000
6614,12000
9519,3911
219,7000
2580,8000
4277,3500
8065,8000
6739,1386
887,11000
7617,4100
58,1800
9967,4900
7910,2500
2105,3700
3069,2500
1134,2600
8397,10000
6411,4905
8347,2490
6958,2330
3495,3860
2773,1900
6366,8000
885,5000
9486,1615
37,11000
7861,850
1706,2800
7553,700
1767,2423
3191,1086
6213,1170
847,2900
1181,720
5688,6600
4898,1900
5084,4100
8452,4500
4192,7000
7580,800
10434,4500
9856,15000
3165,1500
9734,1850
6279,750
4842,1600
2769,6500
9190,4000
10519,4100
7055,4000
9901,1700
7122,6900
6896,2300
7178,1500
2801,1400
915,12000
10080,1650
5887,2500
4931,5000
6178,1200
424,3300
1256,2000
8864,600
267,2000
3057,3450
5217,900
8671,1357
2716,750
7699,1200
7866,4500
4216,3000
3555,1700
5863,6200
1258,3000
2151,1000
10226,3000
2252,2600
627,2700
5086,7300
9787,1100
4762,4477
8087,2500
8477,1000
7631,2100
4294,500
8325,10000
1689,11960
6167,540
614,600
1018,6740
592,1512
6131,5000
3655,1600
9122,1300
8600,2300
5243,6500
3902,15000
889,5540
734,1900
9167,1950
709,2000
3650,1100
2324,4200
4694,7000
5584,1000
9936,3600
3917,1800
9902,2500
5456,4500
10486,2600
4806,1199
1335,1200
5757,1100
5850,1550
1505,700
5025,2400
3202,9800
4466,3200
4228,2500
3965,4000
5599,2000
3710,1039
9279,1200
5212,3000
4788,13000
2143,10600
3992,900
2879,9000
3120,13900
1288,1600
5563,2400
1090,2673
5229,3800
10293,1510
1632,10000
5885,4850
6794,3270
2129,3500
4594,9240
8017,1670
2423,6520
4293,800
9719,6000
2693,1950
2740,4590
7260,8650
2155,1800
8749,1800
10092,12500
3206,9500
8589,7000
8750,2200
2725,3000
5966,1500
7488,720
8918,1200
6275,3000
337,5500
8745,5000
6936,5000
9050,1560
3924,6000
2088,1850
8355,3900
6823,13000
5552,2200
3063,3600
5831,5500
1202,2443
1445,2500
5478,900
8792,3500
5587,5000
2431,15000
7790,1530
1591,1000
1504,7000
7293,2718
1422,3300
920,970
9214,2400
4467,1900
45,2829
5862,1900
9181,2390
1621,1000
7405,8799
3141,1600
6000,3000
9887,2900
3244,10500
3138,1500
10592,2000
5151,3500
8759,4300
9474,2114
5605,2000
1484,6000
6912,1500
598,2500
9996,1200
538,9600
4653,6000
3951,7700
527,8000
6130,3200
8426,6290
1967,1600
1027,4340
3692,2200
5277,1764
2065,1100
908,1100
3768,3000
1739,8500
1015,1120
602,12000
705,1210
3724,1400
1462,2100
3571,1300
8819,1200
3633,1430
656,2340
5661,9000
486,4500
1575,4800
8213,1500
2429,15000
4948,700
2652,4500
10207,830
2026,4000
3994,1250
6888,1800
7095,6800
10280,1610
2202,2000
8345,2500
4278,4348
9452,11000
9866,5900
3167,900
10257,6800
4630,2800
979,1300
1655,1990
7020,9500
9175,5900
7229,6300
7688,10900
7839,1800
2061,8000
3565,1000
7029,6593
5435,2200
903,1300
846,1200
2021,1258
211,1800
12,2100
1150,1200
9861,6300
8601,3200
385,1800
6302,6900
10323,3800
4516,4600
7254,2800
7904,3390
2935,1500
2217,6500
3380,5025
3909,1134
3461,2450
521,2024
5720,2500
6348,1870
3073,950
5252,1750
4952,935
10678,10140
1932,13000
9266,5000
6374,10500
8091,3500
5290,1346
4197,7900
2609,4000
1047,2560
3834,1320
8962,3920
3816,1450
5536,2000
4831,2700
10469,5500
5778,2800
669,12000
3438,1800
10160,9000
1752,2281
6707,3500
3653,2000
4826,1300
7878,2500
4721,1000
7751,1700
1600,3600
9034,2150
6696,1800
4837,1150
3904,2200
1603,1390
2312,1200
6711,950
4499,5000
2262,6000
6837,12800
7139,1100
2421,2700
8204,3500
9754,1290
3867,7000
2617,6000
1859,1600
8480,3500
7247,2600
5133,2800
7495,2720
9509,2190
1565,1250
1785,4100
4340,1300
7398,1100
6405,2700
6319,4200
7277,5000
1449,8000
6087,2600
4973,600
132,1200
6869,9000
9976,5300
8129,6522
9084,4700
6064,7000
3249,3500
5318,3000
9939,5000
4146,8695
8568,980
10138,1800
5246,8000
6132,6400
8765,2500
5835,3500
2364,1100
2723,1400
6175,2525
8061,1080
7307,3300
5673,1400
7780,1800
10115,1300
1732,3700
10199,2800
10595,1190
781,3800
10352,2300
4596,2330
7706,1250
4132,5000
5039,12500
6919,2700
1369,12000
3832,2200
2170,3550
3840,5500
8282,10700
10391,8000
2339,1150
266,4950
2222,2000
844,1125
5513,2800
563,2900
2621,8000
2131,2499
8374,10840
7323,1800
2532,10000
2097,6500
60,4000
5873,1920
9771,3300
2877,5500
2342,5156
3997,2700
4498,2450
2294,2848
8840,4000
7747,1800
5544,3916
1100,2600
5954,5300
4232,3980
692,4500
6969,4250
10369,1360
9507,1400
4575,1000
6939,1200
10041,2350
8547,4500
10547,2200
3479,6200
3204,1380
3159,1680
3219,1200
553,1250
4896,8000
380,2570
1796,3200
7475,8700
3095,1200
2766,6000
9331,3400
4284,2350
5738,5000
7601,3500
3123,2250
7376,3000
458,1100
8219,2000
282,4500
679,9800
3725,2200
8294,2500
7188,1700
687,9000
1642,1900
10627,450
8514,1500
2793,3000
5728,3200
7774,1090
7700,1950
80,6000
5057,1530
1451,4500
10163,900
1891,1659
9790,9500
8926,8000
9994,2500
6174,1500
1529,1800
2768,7000
8824,3000
1388,2200
4480,1900
8273,1470
1626,870
8221,3700
9338,1600
5471,4000
9815,7000
7269,850
5434,1020
10107,1500
4298,2900
7479,5500
8766,5000
7345,4000
6884,4300
3406,4700
2320,10000
3786,1200
2764,3000
1030,1700
3887,850
6846,3710
6107,1200
6871,1900
5705,3760
3443,5000
3158,1440
4117,5600
3619,1490
4631,4780
9357,5510
9401,4200
3082,4500
6362,1750
5111,1500
7208,3400
10079,700
4263,1500
8378,5000
5681,3500
8910,1300
2809,2700
6458,2100
1893,15000
9489,1890
9259,7000
2997,900
600,1100
347,2600
1208,6500
9596,2250
8748,800
8707,2000
535,1325
2284,977
3805,1400
6441,3700
2293,1350
6786,1600
1882,2100
596,6000
6600,15000
6380,3690
8268,2080
6624,4600
8700,1750
8772,2900
10610,1710
7648,880
5045,1100
65,6000
402,1400
2912,1800
4644,3670
1690,1950
7871,12500
2538,3200
5903,10000
133,8000
6376,1153
5072,4200
2331,6000
4465,2700
5169,1900
6741,1200
8899,2300
2005,1800
9543,1950
1660,14000
136,916
7735,1280
7888,1650
1481,2500
7149,2500
4078,2750
3685,6500
3302,7000
7238,3300
8911,2060
8003,15000
9209,3400
5134,1750
8583,2100
2322,4500
351,1500
5488,3000
1851,800
4413,4009
678,2200
1500,7200
7430,940
322,3952
164,2529
9657,5500
1169,2480
6661,11000
1426,3000
9243,1200
2408,2400
8105,2000
9870,13000
5935,800
6976,4200
9679,800
3558,1840
9761,1330
5381,2200
2567,8500
8520,6500
1489,3700
8191,5100
2919,1600
10673,2400
5,8000
1509,1600
7859,3800
9352,1600
4921,2800
4890,5000
155,4000
868,1999
6036,3900
4753,3398
10058,4000
1233,806
5543,2000
8354,9000
2356,3400
9590,2100
7524,7540
6827,3500
1088,5000
4361,1650
292,3200
2074,4930
6664,12750
977,2000
6797,2000
2966,4950
5436,3000
2055,15000
401,5000
633,4500
3475,3000
7171,1400
10396,2000
10664,6000
5557,8000
10063,1500
10587,5000
933,5933
7664,5200
5022,5000
8172,1200
6214,4130
2359,750
6998,3500
7451,6000
3228,1200
494,3500
134,1800
3188,2600
8924,2400
168,2800
9347,6000
9244,6800
3094,8000
7863,1350
872,8000
5198,1250
4823,4900
956,3250
4768,1417
7253,3750
7322,3750
10481,3700
10251,1800
1692,1100
3684,2200
2063,4300
5112,1330
9254,1600
2709,8700
1679,1300
2713,12000
7038,2400
344,6715
7016,4000
5627,1450
5284,4320
5671,11000
5601,1700
6229,750
9303,10000
6481,1600
7752,2500
8175,15000
2695,1460
200,6700
8468,1400
9406,1800
8517,12500
5176,4200
5257,10000
9697,2200
9875,7700
5466,1100
8330,1800
2138,4300
3984,2060
10217,6100
1307,780
8206,11900
4421,1300
10570,716
7209,2500
6648,2000
5007,5000
5982,13000
2894,1100
9769,1850
1530,2800
2806,7000
1360,8000
8746,3800
3804,8000
2798,2500
6177,2000
9570,2500
477,2400
8380,2270
5066,1950
8538,2400
10094,15000
10382,2350
4154,2200
8646,3899
7079,2438
6894,1100
59,4000
13,4200
7695,6800
4702,2000
8919,2400
9686,1450
4122,650
8208,2000
5288,14000
1607,3900
9326,2000
5983,15000
4285,1400
916,1610
9948,3290
7375,15000
9192,1400
4695,6000
5864,2650
9666,2600
5913,2650
8476,6000
8906,5500
8272,5100
17,3500
7787,5500
3150,1320
4053,3100
2411,2300
9829,2150
5667,2970
2516,5435
565,750
4420,1300
1904,13500
5992,2700
1916,500
8611,3000
5962,1000
4070,2300
3635,2100
4901,12000
4451,10250
1960,10000
7110,3500
3793,1400
1821,1650
8762,3000
10248,3400
6659,1600
1862,15000
1918,2600
8436,5200
10429,2650
224,4675
1340,4800
6058,6000
1951,1800
9289,2800
7094,1950
7189,5800
1578,6200
6856,2000
8500,800
1520,9000
6605,8100
5930,4100
1971,995
5641,925
1014,1100
1051,1700
5575,1090
10007,3950
8621,2300
6910,3200
4140,1100
8004,8000
10029,1500
6223,7318
10471,7000
8156,10000
3973,1300
4492,6500
7386,5500
8418,2583
3920,5000
9064,2000
9029,4445
10285,1260
4955,2600
5614,1700
1059,1850
2671,1750
958,1600
1613,1320
6320,1900
2107,1400
9448,650
4261,2050
5953,1000
969,2440
5403,7650
6493,4400
3789,12000
6202,9900
7671,1800
6422,5520
5567,1680
9344,1190
5443,2414
4449,3800
4167,1100
418,6400
4553,850
6983,700
2575,1400
2250,9250
4731,4990
7222,1275
6889,1490
8035,4500
9736,2400
1400,2090
8866,5800
2600,14000
1612,5000
557,2500
5566,2400
4198,830
8513,1800
10413,3500
9919,3120
3608,2600
6589,7950
6183,1353
4749,1300
6488,5350
207,8700
2175,8000
3673,1700
280,1020
4756,1800
7436,7000
756,1790
883,5500
3849,3000
7881,1670
9203,4300
2019,1500
3426,1100
5856,1560
316,8500
9385,4000
2994,2200
4487,1200
1976,15000
3029,1880
6367,5500
5200,12750
2375,9000
9529,1800
10537,1824
1235,5950
5168,6500
9356,1050
5579,15000
10269,8000
1287,4300
9149,9000
6727,10000
5054,900
8279,1459
1754,2600
4981,2300
1950,8400
556,9200
10146,1050
6388,7900
9862,12500
2464,3200
4248,14000
1409,4600
859,2700
7753,5000
249,1130
4408,1550
4840,5200
9003,2150
6547,1500
111,10000
9603,1850
6886,3800
5023,4500
1830,550
9081,2500
5882,1300
8914,1800
1989,790
7765,2900
8318,1440
3952,1300
2861,1900
398,9000
9120,2980
9414,1050
5302,2500
10479,4000
5936,3360
8667,1964
8462,1850
2565,850
5366,11400
738,1800
1677,1720
5874,1720
5618,3000
3280,1500
2592,5900
10408,9000
6562,3610
8576,3500
9794,7500
4427,4500
5868,1100
7528,5780
6975,1200
9661,7000
4736,2000
1226,1800
5222,1650
10200,1100
6749,7600
6,1900
726,8900
8610,2004
7621,3300
6534,2100
6446,3300
9595,15000
2091,1650
3431,2900
66,1850
5622,1500
8797,2700
5152,500
6882,5500
8955,1350
954,1600
2018,1800
8706,750
5043,6000
8803,2700
7919,1336
3998,5990
6627,2490
1294,2880
1866,4930
2694,7200
10294,2220
1776,1250
10517,1660
1542,15000
774,2200
8015,700
2666,1200
7403,1160
460,1550
7804,1300
6787,9000
6887,5870
8491,1500
3021,650
4102,13950
2111,4000
2333,2150
2477,3300
6687,1200
5339,2000
1759,1200
3591,1550
7243,2530
46,1220
1558,880
3332,2150
6394,5600
9053,5500
639,3500
9592,3200
6774,6500
8720,3200
7985,12000
9546,2156
1002,1900
3733,730
6023,4200
9851,820
7406,4250
6157,3000
8029,1800
9027,2500
3982,3100
7032,9000
9068,1700
766,5800
9712,1750
2194,2001
4534,3000
438,6672
10012,3700
5946,15000
8661,850
3401,1600
7025,1120
2962,15000
204,1250
1516,15000
6523,2500
1272,1675
7107,2100
4387,7500
874,1525
4165,3550
6946,3500
2014,5950
5926,2050
10240,1490
8313,6000
141,1600
5251,15000
3658,1550
9388,9000
5539,2650
4549,7000
7057,4000
5160,2080
5289,4800
9115,3600
865,4250
1604,1850
1389,1800
10399,2000
736,2000
5902,1370
9061,1900
1700,7650
8053,2000
2902,1800
8729,6000
1634,6000
9677,2100
6932,900
10125,4500
229,1500
6716,1000
772,1300
5867,4800
599,2100
2184,2700
3494,11500
4928,1050
341,1450
8130,2500
3056,2600
3741,5200
825,8864
9917,1680
6808,4800
6188,1070
9277,950
1737,5500
5270,3000
3254,6800
8111,2000
5881,2600
3020,4675
989,2300
8278,13000
2864,2100
4383,1000
7279,2700
8247,9500
2059,9000
10010,5500
775,4450
8421,1300
3325,1300
7869,8189
4329,3200
10605,1700
4328,3800
4450,3670
2373,2650
861,3148
335,6600
10462,1200
6482,5500
2176,3000
5372,3500
10416,15000
1463,500
5533,1800
2168,5500
4771,15000
1439,1500
4925,13000
3530,2900
7882,1700
9804,4500
2139,12000
7582,1633
4851,850
6445,1500
6683,6500
6109,2700
3679,3400
6763,2200
6343,1000
10128,3400
6453,1310
3670,1450
2504,7000
6232,10000
1231,4000
995,15000
9108,2465
9193,850
8821,1800
8201,12000
2070,2900
1597,3100
8675,2450
765,1550
9020,4200
7126,3000
9335,1200
4041,3400
6992,4000
1167,3500
9345,1550
4129,10000
2385,10000
2949,1950
4878,2975
3407,2500
4864,2200
6883,2200
5006,1800
6459,1580
5062,8500
4810,950
1736,3004
9096,1300
7108,1300
36,1600
153,4000
9281,1900
6500,780
3743,3000
4428,1230
5358,6500
657,1000
3359,4200
8037,5700
8857,2380
579,1980
8007,2990
2041,1200
6127,5740
4497,6500
1383,1500
7133,760
10302,1100
10571,1020
9035,9000
3182,1110
8530,1600
10008,1100
8277,1600
6520,1720
973,6443
4949,7000
4255,850
3711,2710
10567,7500
9327,1600
8996,7000
6960,12000
2213,10000
1832,1629
9490,5400
1325,1000
10335,908
2057,850
6276,2500
3542,5500
1459,1700
1116,1170
9325,950
1682,15000
7089,2500
593,7700
3321,7000
7907,15000
1101,5600
4897,3500
8620,1800
9882,9500
2500,1400
688,2890
518,8000
2728,3150
5837,1505
6582,1200
2579,2400
7177,7300
8383,2150
3190,9000
10043,8000
2939,2055
2843,3990
1218,1300
9982,1420
7106,950
5248,7000
4883,12500
8937,1340
8865,860
9937,1800
8303,2500
4900,4275
7339,4000
3940,850
2989,1100
4116,5860
3512,3400
6073,7000
7200,1942
7793,2700
9808,1630
8006,3770
1635,6875
4382,8000
7931,3040
3040,1850
6241,1200
3566,950
7766,5800
7701,5500
3613,1720
3337,12000
3649,1300
601,1193
4365,3400
7086,900
3091,2800
7392,3700
1398,1800
7991,9300
4857,6400
8854,550
3418,1300
7930,2450
9678,750
10333,2349
10667,1250
334,2500
2603,3500
178,4800
4224,15000
359,10000
5888,900
3230,3220
8916,1250
9533,1450
7498,5000
7607,5000
444,9900
2746,1090
9850,2330
5721,1300
4300,3300
7186,3280
5401,1405
2870,13000
8237,990
3442,2970
9995,6500
2742,1170
10422,4800
4095,1960
198,900
10062,11500
8895,6000
3400,2000
1416,5500
9088,6500
8304,1800
2023,1700
8242,6800
9275,3500
925,980
8153,2600
8618,3300
5438,9000
3983,3000
8258,900
8625,2800
7618,2700
7096,1600
7948,2000
9925,2500
10013,2000
5984,1000
10657,850
9216,2600
9626,4998
1427,1400
9610,3600
3300,1840
9978,3090
5321,2400
5678,1200
10,2100
10040,4000
7155,7500
7858,950
110,2100
6140,1180
10400,4113
4432,900
3784,3600
7984,2700
7575,2485
7380,8000
8259,1100
9512,1042
404,2900
2992,1800
1434,2750
5109,1105
2618,4500
1965,3600
8200,3000
2659,4000
2389,1600
9389,1150
4827,3800
5399,1200
5773,7800
1502,2200
10263,8500
9343,1100
9550,2200
2999,3500
5331,1990
210,2150
9759,5800
4344,4500
3215,2430
5758,2364
2454,13000
2859,20000
6004,800
955,2100
8935,3500
1240,2800
728,9000
6221,3700
7456,15000
6282,700
10528,940
9450,2500
6782,2300
6046,5250
9768,2165
1012,1275
1078,1900
4112,6000
202,15000
7906,6000
4221,3000
5000,970
4663,9000
2928,4500
2383,1300
8684,4300
4855,800
10372,8000
1503,1760
1840,5200
842,1200
1786,1870
4267,13200
8755,900
4360,2630
1175,3000
8791,1500
5742,10740
6658,6000
40,12000
1168,4100
9018,1250
9178,2800
5241,1330
2946,849
2863,7500
4866,9800
440,1200
2044,680
2300,6608
4500,2750
8932,2720
260,4206
1200,2820
4743,1190
10611,5500
1066,10600
1742,4500
3263,748
6487,6500
1159,9000
6144,1600
5376,2500
1991,2900
9440,505
3526,7500
1221,1200
1192,3600
8253,700
9744,880
3060,11300
10153,1300
382,3000
3025,2500
9720,7000
1155,1439
8357,1360
3612,4500
2073,1500
7026,7000
9964,1341
7761,2500
2924,750
6815,6000
7351,4800
3697,2600
675,1050
6951,3153
8944,4200
5014,800
5908,4147
1228,1500
2460,1000
8414,7220
6156,10000
1328,4600
2961,1600
6945,8840
9484,2500
10403,2360
8316,4410
9692,1900
3607,1700
5392,1000
7244,3800
399,7300
10299,2900
5577,1550
1214,1305
8605,5600
3374,1860
3395,8000
7795,3200
6532,6000
1453,4500
8660,3800
173,3230
9127,4090
8682,15000
5195,3000
4560,1900
5237,1880
1261,1870
2215,2700
2639,2100
5384,4800
7371,2190
3524,15000
2453,5200
9635,1500
116,3500
5002,14000
4945,1500
3229,1380
5187,1500
7989,9800
1979,1150
1698,3800
7115,1310
8709,850
6765,1800
5182,1600
1284,3560
962,2650
1446,15000
10265,15000
10541,1500
10015,5000
100,950
8080,15000
8649,13500
7344,1600
7562,950
9014,6500
4310,2000
2265,3950
3843,1400
4109,3800
10321,960
2295,1286
3700,850
3457,900
3301,7000
10174,800
3369,12500
6672,2500
5138,1800
7383,1330
3246,1900
6981,3700
4593,2200
4684,2400
1432,1200
2642,3460
5087,4000
10647,7000
2444,650
6266,8000
7934,2000
5945,8700
5315,8200
6740,900
6423,12750
5371,900
7814,1000
9330,4100
3456,3250
2898,1400
1589,6800
4027,14000
4177,9700
8644,2050
9095,5000
7213,1375
5957,1550
6465,3200
6364,9800
5297,1150
2741,1600
7898,3000
3353,2522
7252,2080
10656,5200
3028,4500
714,3300
6554,2600
2777,1319
7762,2960
826,1000
6639,3600
7545,895
2479,1646
4650,1430
9044,5980
10233,9240
8528,2500
1912,900
8863,5400
1495,2000
2813,2500
3774,2050
2223,4900
9998,10000
2319,2200
1144,1700
7978,8950
7995,5000
7049,7000
3535,1940
2165,2125
6920,2500
1548,7800
674,2000
3039,1200
2837,1800
3023,700
358,2300
1310,1820
9654,1710
5842,1300
4622,1300
8551,1700
4120,928
5416,12000
7006,15000
10626,3000
4212,9500
7704,3990
1633,6500
5653,1650
4220,1200
8985,4900
5703,4250
154,4250
6015,6200
10473,1400
10578,1500
4454,595
2823,4000
3101,4000
10445,1600
5463,1500
884,3240
3885,1300
2451,730
6042,3600
6799,5950
7100,1100
5105,14080
5771,780
8451,15000
5206,600
6870,1600
3492,2040
9502,2410
3781,1500
4787,3500
2599,14900
3366,2500
2305,2850
109,6500
5355,2290
9525,1400
942,4200
1594,650
996,11000
8460,1400
4740,4500
6071,3500
1601,2500
1731,2060
5356,5000
442,10000
6868,4650
2007,12000
5061,5000
7782,2600
8564,11000
10452,1600
8352,870
3796,15000
6536,2200
1351,4100
3582,5000
9143,15000
2524,1600
2951,1460
4991,7500
2299,12750
1096,773
4181,3200
5804,3170
9503,7600
8726,1200
68,900
10020,5440
6110,1300
376,2850
6361,3890
9907,2200
5207,1800
3882,7900
7895,2000
882,3300
3548,5830
9947,2740
10358,1000
5841,1400
3600,2500
4780,6200
1109,5000
2838,3500
1441,1600
7683,750
8805,10000
636,1087
1170,3270
4490,1400
2783,3500
228,1000
8553,7500
3915,2300
9379,1800
531,6000
5409,10000
4759,1000
5410,3500
7458,8000
3514,2300
9828,1800
2555,2210
7668,5500
1006,860
10443,3000
8056,15000
4628,1050
8915,1170
2664,4400
5776,1400
8645,980
6513,1300
5461,2000
1186,700
7630,15000
6638,640
6991,8000
8340,3940
4435,2200
8769,1490
10288,6400
4854,2300
9364,3486
7048,3400
459,1530
2273,1800
2653,3500
9927,3700
5777,3650
5853,1250
8909,2050
4891,3800
5037,8000
9208,1080
6138,3500
261,1340
1080,4745
5815,1950
232,780
5961,2500
8396,1400
6890,880
4873,1163
2337,7900
9198,2000
10034,3297
9793,1200
10152,3000
4479,6860
8031,3800
9956,650
5736,1350
1392,10000
3209,4000
7996,790
3338,2100
830,8000
3278,2390
5018,2300
2795,1100
7434,7000
5486,1000
6370,2000
9694,3579
6681,2200
3455,1000
8809,3500
6961,7200
7324,12000
8976,1350
7597,2150
5798,4000
5976,12000
6834,2200
1483,2200
373,4200
10494,1500
6649,2100
8324,1100
6533,6800
3851,1400
2199,1800
3933,799
8541,4000
9256,2200
5797,960
10232,2890
3208,950
3820,15000
9693,2900
1111,1050
2588,7880
3198,4655
5459,6100
2004,1600
1954,1180
3070,8000
8995,1650
2914,3000
4661,1550
2729,8000
5208,1740
9188,2125
7408,2100
2329,1700
3601,6600
8298,15000
5549,1350
4056,1480
8120,2100
5941,750
1057,1190
7453,1200
9047,1750
3412,7500
2117,7500
4556,4000
2608,1400
2095,1015
370,8000
2623,15000
7850,4000
9637,800
5153,8550
672,2200
1302,2800
4933,2530
4068,1000
2029,1100
534,15000
3929,3000
2973,3900
856,1650
9083,12750
9378,1800
2011,850
8544,4500
1217,5000
5220,2200
6074,3000
1206,9050
6694,2166
9805,2300
482,3100
190,5000
4091,10000
9813,1901
5985,990
3284,9180
7432,1650
9818,4870
8062,850
9865,4500
3307,2500
9583,2500
2824,15000
1447,2100
5088,3800
4259,4800
4206,3000
9207,1900
10287,2800
2784,1800
9524,1090
6549,6550
1760,4850
1420,4500
4030,1130
701,990
7833,5000
1172,2200
6267,709
10346,3200
10264,1300
2807,2500
9912,1490
4697,4000
5048,5500
4542,1600
513,3500
4297,3000
5230,8500
6203,2000
3676,750
5285,11500
6862,850
1293,9000
7507,6800
5122,1600
10687,1478
7245,5450
5204,2350
7005,2000
7142,4500
6480,1600
10389,3500
6505,520
8216,4774
8855,4500
3392,12000
3563,2000
5766,2280
8771,3500
4071,8800
10362,1184
5979,8000
3927,3000
870,1350
9496,6500
1773,1200
5432,1705
8145,10000
759,1400
4636,550
7304,4490
8723,2400
10330,5520
2241,2000
5929,4680
9571,1400
10466,9000
1681,7800
10406,1600
1669,2100
7234,3500
3072,950
2952,4200
7292,6800
8322,1200
314,4000
8077,1200
5740,2500
1496,970
3097,2080
7923,2500
214,3000
4804,3300
2181,1500
6760,3400
8886,2400
1223,1500
75,9800
5396,2800
7971,7000
10377,702
7547,9800
7731,1200
2036,820
6779,2198
9328,2200
855,2300
6663,4348
4537,1300
4209,1290
8691,8000
3466,3450
7633,10000
3546,2700
1036,10500
10485,3100
6032,4450
2680,3800
10384,2300
6489,5100
1531,2500
2566,1800
5506,6000
550,2250
5704,4575
3717,900
4423,1600
7707,4900
2923,4445
9656,8000
4935,1500
8041,1300
3477,1399
2577,2000
3212,2100
8101,3000
9063,2600
2866,1700
8802,6500
7841,6818
423,15000
5042,2188
632,2740
7455,2100
4203,4800
9337,1490
4237,4000
7325,2350
1816,600
10221,7000
5171,7500
4463,2200
1133,1250
6217,1800
9072,1700
6113,2500
6831,1850
5487,3000
5340,2500
9399,12000
8446,9000
10591,3200
9065,3160
1721,2300
9556,1800
2540,4000
597,8000
4683,3950
9506,2300
4984,1290
7276,1200
6133,2400
10189,7000
3969,3400
1219,540
6690,850
4036,1700
7384,1000
10497,4420
10019,1300
6243,3000
529,2550
2733,2900
4877,11050
2123,4400
5236,6500
2882,4000
8565,14000
543,1500
5266,2650
1930,3000
4717,7500
195,1080
2484,1850
3162,1400
7232,2350
8602,5500
6990,2662
3990,840
9124,1700
3928,500
9008,3250
1408,1839
29,1800
5796,1500
1941,5200
2466,2300
5647,1000
3316,2500
5472,1500
2388,2630
10682,3300
8533,8950
7612,5900
7370,4250
586,1379
1996,6500
7314,4667
5558,1635
1955,3500
3709,730
2189,3780
4256,930
10108,4500
770,15000
8940,1000
8823,4000
5663,9000
9568,4500
5710,2300
5571,1750
611,7070
654,7600
3333,2870
5963,690
9080,1100
8813,3300
1164,1400
5934,8500
1153,2000
7894,4800
119,1400
3544,2800
10350,2600
1581,2500
621,1100
7791,3400
414,850
3044,1980
904,2800
9371,7225
4356,2500
10566,720
10612,5500
7917,2400
5245,2700
2353,7500
7773,2900
7180,2001
7418,9000
6150,2450
1720,6000
3561,2550
8038,1850
9961,2000
310,1510
584,10500
6387,2600
9257,12000
104,3800
906,2800
2144,2100
8555,1150
505,3600
7138,15000
2405,1434
8874,5500
3373,1710
10060,4500
5104,13000
2737,3870
6324,1100
3368,1700
3048,1650
9752,10000
9597,10500
5792,1930
2747,8000
9155,2050
7568,6000
5609,1000
2384,4000
8116,1450
9164,2125
2406,1100
10492,2000
6002,2000
1693,1000
1171,5000
7860,4500
9725,1100
1630,3500
8302,12000
10284,1750
10030,2200
3899,5820
3107,3000
456,8000
6737,2000
2511,14000
948,1550
939,13000
1870,13590
10632,1090
8956,2700
6772,1087
7135,11000
8790,5000
4373,1250
9730,2000
901,1300
1963,8000
2571,1130
3598,3850
9234,3600
4681,14500
158,3200
10206,1000
4521,1400
5950,2500
727,2800
4092,2100
1959,2200
7558,5000
1273,4348
10158,10000
704,1994
10533,4250
4089,15000
6594,5100
201,850
10622,4600
7390,5500
1574,1400
6764,3200
3668,15000
2955,8000
4258,2550
8471,4000
7045,2300
6802,1580
1367,2800
7296,2200
8938,700
9252,1200
6290,2200
2439,1560
4176,3142
5026,5000
413,10000
10640,3500
6100,1290
6437,1528
2418,3250
3872,3600
5628,1850
677,1690
4728,950
6170,3300
1622,1700
5148,580
3092,15000
3116,3230
4191,2000
9150,10900
3126,2800
3051,850
2788,2800
5311,1800
4601,5950
10562,1870
6861,10000
4143,13000
2502,1500
1839,850
9914,15000
4541,4335
8958,1979
4012,2500
4111,500
5398,850
3938,6800
8008,1000
9412,1600
4375,1900
3197,9000
3027,10800
9667,2600
3936,1200
7167,2500
6234,700
227,2500
9536,3000
5729,1200
1517,4860
7873,3110
8623,6000
7017,935
2604,1576
4578,3804
523,2500
9268,1500
284,1600
5702,6750
3778,2800
6008,6600
8708,8500
10651,3100
2243,1700
10386,6800
3596,5700
8782,2805
4434,650
2957,4000
3540,4250
10428,1658
7417,850
7082,6000
4410,1300
8897,8900
9432,6800
8308,2900
5662,1000
7343,3100
540,12300
6295,6000
6195,1300
4669,3200
5369,1125
3814,2500
4569,2200
1406,3000
9264,1600
10639,2600
5451,6000
9516,6300
8861,830
7946,1400
6379,800
5860,15000
1836,2000
6584,3000
3177,1200
4200,2070
7681,4500
8490,980
5360,2300
9674,5510
10536,2200
388,5000
3032,10000
3772,13000
9334,1450
9542,1550
7729,1050
7654,2300
1598,1800
2781,4200
4514,5000
1438,2810
9365,1350
6688,550
1429,2500
6689,5556
6470,6900
10252,1800
2850,2000
8619,3500
4655,3300
6826,4500
428,15000
5597,1200
660,2800
898,850
6647,1300
2103,10870
5875,1600
8096,550
10420,5500
6938,3500
1694,1920
3763,4000
1298,2500
2314,6000
6583,1800
8014,3400
4334,1900
4084,2400
7651,4000
7233,1500
8030,2600
7494,6000
8642,1750
4411,1500
5871,900
6484,4800
5268,8000
4611,650
7567,3700
4745,2500
298,1300
5305,550
8098,10000
8505,600
5848,1150
9089,1700
4033,1950
9383,3100
8214,1500
6512,900
10267,2230
8083,3500
5170,6200
4164,1600
450,2400
5906,13000
649,2200
5115,2600
5828,2000
5789,8000
8141,3000
6691,870
5531,720
1241,2800
8531,620
6679,6000
1541,2500
6602,10000
2302,8800
255,2790
6418,10000
4060,8700
9528,2300
10418,8000
2409,10500
10102,1480
548,1370
10392,3600
3319,1658
9836,990
10691,1400
8552,670
5063,1990
8376,4000
5897,2700
5291,11500
9963,2200
6724,3050
7482,7000
3386,3010
3490,1850
10603,8770
3645,4900
5121,5500
997,5000
9702,1200
3439,2900
5262,5500
8783,1750
2785,2000
3677,3500
8669,6000
7720,15000
8608,10000
9929,1050
5102,5550
1264,3230
1914,1060
2027,1800
8246,7000
5052,4200
10297,12000
2654,12750
5857,1500
1348,1200
2472,1610
1332,15000
4995,6000
7515,4000
9707,5000
6044,1360
3618,2791
3877,1980
1492,1150
10459,1900
9832,2500
1114,12000
9628,2660
6245,700
807,2500
4922,2400
7622,3000
4646,2500
6994,4200
6318,1200
4689,860
10378,4600
4406,2900
6819,1900
6510,13000
7218,1450
2068,1500
5745,3940
131,15000
4470,1500
1803,1400
2035,2000
10274,5155
3666,3800
4685,1700
3896,5000
1108,3240
4401,9350
10023,1150
9613,3000
7970,1050
7616,3800
8774,4000
7468,7000
2211,885
6877,660
8262,2156
8179,3500
10609,650
4103,1600
1934,1500
4059,2300
9227,7200
6644,5500
10282,3000
3980,2800
9520,3300
6357,7000
4606,1800
5090,7500
5645,6500
10614,1030
9896,1600
3168,1720
7728,2800
5535,1900
10111,7000
9092,3560
2895,7500
5634,9900
7835,15000
10409,2600
6084,1900
3318,4500
9572,1500
8650,2450
5620,1700
6164,1700
8689,1700
6979,2790
7965,3500
8788,3200
8240,2448
4987,1350
1560,3000
707,5100
5541,1900
647,1560
8399,2500
2316,1500
1329,6000
5977,2975
2537,2500
5699,1440
7942,1500
1964,2500
4292,1560
3944,6500
2085,3800
6433,4500
7485,7000
6568,2300
4923,5000
10068,5500
7767,3500
3837,3300
1350,1200
1339,2000
6756,1300
4369,14000
252,2250
3090,2100
1364,1100
10202,1550
10165,1240
6839,3000
1973,4500
2416,5500
8463,8960
10646,9100
2595,1800
724,7000
6552,1200
3810,9000
3855,1800
7646,3000
1194,12000
6199,750
8871,15000
9708,1800
4657,5300
4932,6800
4100,1650
3282,5000
9042,1809
125,2500
10499,2500
6471,690
118,3200
2062,2285
8845,2500
9640,6000
5772,2200
1687,7000
47,1770
3911,2500
1456,2400
5097,10000
366,984
3074,1100
10623,2200
7401,6000
2913,2350
10159,6400
84,1200
3030,1200
367,12000
843,2800
4513,3500
7271,1300
8057,9000
7578,3700
9928,3500
5534,4200
1907,1690
4531,1200
9991,15000
4376,3200
9537,2900
4562,6000
6189,2350
9918,11000
1819,4800
8296,5000
3581,1700
6850,1900
4599,3900
729,1100
4988,9200
5514,2400
4372,4250
9158,2900
7102,3000
5949,12000
9090,2700
7947,9945
6742,3040
3730,2500
4240,2800
2700,5600
3114,1800
6119,960
6758,2650
1038,4800
2786,1160
2738,5000
7182,11000
2141,4500
2475,15000
7759,2800
10561,2600
10534,5000
2358,7900
6546,12000
10357,1100
3225,2500
3770,7000
3436,1300
10338,2000
2028,1900
6636,5000
9893,3800
994,7500
7433,8500
1022,595
3156,4000
10532,15000
10290,3600
1793,6000
2880,7500
2703,2175
8254,4000
2714,1500
1346,1100
10633,15000
9438,1275
1138,1810
508,1580
2591,14000
7315,2500
8558,1200
1738,5650
7857,892
26,3000
8492,2200
5987,3700
8905,1900
10522,5000
3453,908
10047,1800
3201,5000
8814,4200
9194,2100
1727,2430
7972,2197
5613,5000
9517,2520
1428,2500
10482,1500
7877,1550
2660,5500
9617,1350
10523,13200
9206,8000
6326,2300
8076,3300
9627,1900
6497,4000
3210,6000
237,2040
10624,1200
8365,11000
2937,13100
10167,1000
9860,3600
4744,2680
9013,2800
9229,15000
379,2000
683,1350
1822,1100
10602,2600
7239,2700
5010,2983
9230,2090
9642,2500
5583,2250
5646,1900
938,3000
963,1680
5895,1650
9574,680
357,4000
3800,1440
8169,1128
3289,15000
9369,3300
6293,1100
8494,15000
8429,1000
5559,1600
2692,850
1417,1800
4460,2000
3098,3100
10025,1050
3723,3000
4352,820
10361,6800
7356,3950
9920,7650
1640,1500
2624,3200
9783,4500
834,2200
605,777
7402,3500
8730,3400
6762,3000
5823,1300
4314,2300
3409,4800
7272,1460
6308,6800
7136,4500
4539,8500
3964,1300
974,15000
2159,4500
3331,3400
8580,1700
3955,3500
6012,650
3079,3400
8891,2803
7550,1000
6906,6600
10554,8000
2536,8000
4105,2200
9885,2400
2137,8950
5586,1098
312,1200
8648,3800
3220,4000
82,2200
7673,1530
9765,12000
3240,4000
8375,990
9924,12000
3876,1600
4137,7100
1559,2236
6139,8000
1470,8000
4190,1066
3049,12000
6171,3600
1402,1300
3853,4000
3657,4920
6604,2100
3149,2430
7678,950
7159,10840
8011,2400
2556,1900
9565,12000
3835,1150
4379,700
9863,2040
5096,11900
7959,9500
3511,7880
3089,3700
9987,1400
10681,11000
8578,1500
2855,8000
10498,4700
10376,7000
8930,3000
4130,1268
9944,4500
449,2700
9112,6500
7542,1956
6300,10000
277,5270
9482,6800
4076,5000
7744,1600
6566,2900
8981,1500
4044,15000
8229,5500
1336,1250
9854,4000
2346,2350
3573,2950
2289,4800
8453,3600
1093,8000
2852,1200
9380,1600
1835,2250
5960,1800
165,1500
9842,9240
720,1530
3462,3000
6090,1450
412,850
1676,4480
9225,3170
4959,14500
7517,2000
10613,8000
5722,2500
7221,1200
9011,1500
1250,15000
5693,2287
6197,3000
10387,4700
9074,2300
7500,6500
6248,1750
5130,3250
3042,1300
10064,4500
6043,2900
4665,900
3435,4500
9577,8000
320,6000
3132,3500
9614,2300
7481,6650
2816,6800
3472,1850
7784,1100
1590,1050
10037,2750
2647,15000
2762,4500
5362,4700
112,1500
6587,2850
4805,850
77,2700
321,1700
2574,1020
8847,1940
6204,1854
3779,2270
7164,860
10149,892
2582,3175
7519,15000
4993,15000
7870,4100
6412,3640
9906,1700
3274,7600
10368,6800
4346,9000
8942,1700
2226,4500
2214,9000
5184,2800
8754,900
7037,11000
4666,1750
8147,3500
2344,4800
10093,1300
5118,15000
9966,10990
6434,1500
7118,6500
4598,2200
6060,5000
10085,1800
9518,5950
2613,9000
4990,6800
2711,4500
799,1000
3912,3000
1132,3190
1987,6000
9639,7800
9913,12500
5276,5700
6785,1300
9467,620
10316,2200
7198,7000
4529,790
10581,15000
6382,1000
7237,5000
4307,1847
9093,1500
3470,3100
8456,950
1020,8499
2811,1375
8936,3000
3346,5500
8973,3500
9312,4000
3086,750
4994,2433
9555,7225
8736,6000
1757,1167
6346,800
1079,9920
3241,2200
2236,11480
4185,5500
9722,12830
6420,13000
8180,6000
9276,3800
4019,15000
1751,1800
2205,1100
4800,2100
943,850
4318,3000
2315,15000
6610,3200
10277,9000
5509,4000
5526,990
5761,5500
10487,3200
8694,2499
2584,1480
3211,6700
10003,1990
8039,4100
1610,1400
6900,2500
4940,1100
6303,4600
9974,2100
10071,1150
9140,5100
3305,1600
2930,900
1352,6500
291,900
1691,2000
7890,7080
8970,1900
3382,5050
5078,7500
3344,4200
9632,2500
1883,2600
6678,7600
2675,7000
2696,2100
3370,9810
9586,1900
5214,950
4151,1600
9409,1600
10441,1650
3727,9600
5197,4000
6783,1520
7346,2850
3935,2500
8182,1100
5076,3810
4739,13000
140,1600
4595,2900
798,1200
2045,1800
1099,15000
246,1950
290,1880
9439,3400
10215,11000
6469,3500
1003,5600
5286,2020
7763,4500
2721,1530
5937,1300
5107,1200
2304,1700
10329,1200
5762,2200
356,2500
1511,730
1238,1800
2232,5500
1421,1800
2426,8500
5759,900
3361,3250
2960,2000
3363,1100
3720,4930
9099,1360
6011,1300
5274,700
8884,900
9910,7500
8878,1860
4737,8500
3207,2870
7905,1300
4522,1600
4330,4400
6660,3300
31,1700
6408,1450
3352,3000
6948,3800
6258,3500
5135,2300
7980,2000
1042,1750
4637,1450
1094,11000
9791,1300
9417,1664
1781,12000
2049,11000
1906,7500
6838,4131
57,5500
4536,800
5313,6600
3543,2900
8437,2400
9026,3200
7799,3100
10098,2820
415,6400
6329,1638
2542,2490
6560,4500
4679,1500
3550,1600
8722,4500
8359,7650
8582,2500
9785,1500
6947,25000
2340,1530
4544,800
5234,702
4087,2500
1749,1450
5685,3200
953,7200
7450,2500
10161,9000
4319,1780
3888,2500
10620,15000
2231,1870
7087,2300
8510,3300
1252,1190
1102,3500
6466,2300
8592,2954
4835,4000
3164,2500
1990,550
5865,10700
1032,1100
9684,1942
892,1250
8519,5200
5260,976
7532,3000
3879,4800
240,950
6476,1150
3527,820
3642,1800
9322,6500
9682,1450
5143,680
8577,11000
2218,3000
3893,3300
98,2500
2440,1250
3112,500
3006,814
5179,7300
10185,3800
9816,1350
4574,1510
10312,1700
6474,2500
4127,4600
8288,6800
1748,8500
409,1700
10254,1275
2884,900
9415,6300
926,3280
10001,1100
9960,6000
4937,3800
6121,8400
2196,3500
4189,4000
831,13000
2254,2550
1263,1600
6085,1000
4954,5500
2910,2850
3378,9000
10306,2200
1326,1800
9683,4900
7493,1200
4934,5500
2825,1850
3047,3000
4418,4500
10228,1280
5089,2000
7423,3142
1465,8700
7173,8850
1382,2800
10383,550
1608,5500
1902,3300
336,2680
6187,1300
6347,3500
8323,1613
6468,4000
6147,9500
4113,3250
1623,5500
4795,1800
2468,3500
6641,850
6669,6700
3176,1400
7440,1950
3367,2250
671,15000
753,10500
9038,510
2121,550
4397,2470
5250,4200
3865,2480
5225,1800
9487,3000
762,1300
9492,2100
6656,3150
7098,8712
8045,8000
432,2000
92,3500
9965,1500
7362,3000
6836,1200
6824,9800
1657,850
9097,10000
498,3260
1981,5200
6020,9000
631,8000
9792,7700
4347,630
5791,4500
5415,700
8063,1550
2710,4300
7803,500
9984,2800
1064,1800
6499,6200
5733,4000
5159,2000
9392,2650
4081,6500
5379,1080
6307,7000
6933,2173
7327,1200
7330,1800
2256,800
3419,7000
650,9000
10088,6100
4054,1100
888,2000
1188,1100
126,7800
4911,2230
7845,3300
3848,14000
2646,5280
5981,9800
8440,6400
7579,10000
849,3200
2371,6000
8104,1020
9915,8500
323,5300
6462,2750
7944,1412
4821,3700
1163,2750
9201,6000
8139,7000
7157,7000
3217,3950
837,1500
999,1700
5499,2000
10314,500
4037,9500
5210,3310
4532,12000
8800,1200
5919,900
5840,4000
386,3000
6541,1600
992,11500
7502,500
10148,900
5346,7450
390,5000
5387,3100
9659,1000
8398,1700
9483,7225
10490,2800
1117,960
9132,3070
7604,4700
4966,1000
6162,1700
6440,1995
9456,8500
1644,1350
6931,750
5484,1305
10374,3337
143,14000
3397,2300
3050,1000
6250,1000
2622,2600
567,2600
7003,2500
10643,1450
10042,3800
6977,4792
10261,1599
1888,1200
2578,1020
433,1000
931,1105
6261,2200
6572,1920
10393,1400
2031,5000
7435,4950
8629,3500
10177,520
9687,2900
9002,7200
5024,1000
4591,1630
9880,2200
1923,4300
2661,6500
7694,550
620,890
7141,5000
4051,2100
2827,1550
549,2975
4295,1920
2787,2300
7464,2100
5219,1000
562,3050
5058,1715
3295,3150
1765,3600
4046,1800
9144,1200
10157,2810
3795,2800
2679,2350
9562,9500
471,12500
10295,2400
7120,1850
823,1610
6619,1167
7697,2300
1617,7040
7585,1500
4404,1400
3939,2200
661,13000
4032,6700
150,1300
6542,3900
1137,2001
6305,2990
9891,4300
7679,12750
6904,1140
6613,850
8054,5000
3013,5000
10044,4700
967,10000
1067,3000
1344,4250
8085,1800
6304,3200
56,6000
3245,1170
5299,3000
5909,2080
4157,4610
5844,1500
4597,999
2182,45000
9179,2300
4409,2700
9897,3650
2906,11000
9689,4500
9162,2500
5085,2600
10077,14000
10256,7320
5825,2500
7053,8900
5091,6350
3499,2289
5612,3000
4014,1859
2467,2000
9019,3300
8410,5000
6543,12750
3894,2000
3745,980
9548,4000
10190,12000
63,9000
1050,1350
1285,3500
5280,7630
9700,1300
8638,15000
8779,4500
1890,1300
3464,3000
5083,5500
6743,850
308,2100
4186,3300
6342,2500
1933,2000
151,3294
4118,2400
70,2422
230,15000
1222,13000
8804,1701
7226,1810
10117,2540
4141,1520
8390,1140
4099,2500
8777,5500
2978,7990
5460,1250
4351,4000
8448,7000
8965,2000
8848,1300
6273,960
9705,1510
4784,4000
4589,2600
900,3200
5659,1250
5629,1300
7531,3300
8337,6400
3396,8000
3136,3000
7727,1150
1733,1900
5029,14000
8652,1100
9055,5000
9728,2200
1301,3500
1410,15000
4723,2150
2399,8800
3355,1500
1424,2800
4083,2800
1515,980
6603,1850
6751,730
8327,14000
6454,6000
7317,1800
6056,2000
7077,2500
1173,900
5203,7000
4980,1500
4538,2000
231,4390
4321,3500
3314,4450
4976,3300
9086,7500
2240,1650
7659,7000
4226,830
6339,2300
8001,1050
10455,2100
3111,1370
10509,1500
2245,5000
3486,1840
4441,10000
3106,2500
9368,15000
8346,5500
5608,9800
113,2200
539,950
10625,1700
4175,2500
3437,2340
2908,980
5287,2500
3265,3200
2570,900
751,2000
3531,1870
9464,2000
4166,1500
2172,7800
2271,9100
640,14980
4276,1700
2197,2600
9454,1400
7645,11000
268,4590
6984,1550
3639,800
9993,1274
8419,3300
2665,8200
1666,1650
122,1600
2425,3800
1011,2300
1031,1800
8630,4000
9549,1250
2212,3250
6354,2250
1975,9000
503,1590
4543,3300
3297,762
9952,1900
4941,3950
120,3450
7520,3760
7655,1410
3088,500
4587,1220
1697,8000
4969,1360
8009,1850
7350,1200
3010,4500
3854,1650
6825,1847
5718,1275
1800,3060
1940,3200
638,8000
1798,1800
9498,1100
8068,1800
9986,7500
3108,1700
4523,1150
8244,2300
2008,1340
8441,2600
9424,1300
5631,2950
5845,1200
5228,930
4910,780
10145,3990
850,1500
4792,2300
9835,3500
10677,1000
8187,15000
10304,3250
10018,2300
7772,4000
3447,8500
5227,3200
3467,4000
873,4500
4550,3200
4796,3200
2959,2900
10544,3500
8276,2690
1925,10000
9114,12000
10520,3825
8044,1400
1414,2200
4818,4500
8197,840
8963,4200
7051,1800
263,12750
10000,3080
2515,12000
7266,13000
6141,7000
2048,2800
6735,8000
2799,1100
8883,5500
3961,4150
6528,4500
9673,2550
6798,1800
5129,4956
2225,2000
10635,2455
1190,10000
569,4000
6922,3000
5211,2800
2118,4300
8243,930
7009,1090
6752,1100
588,750
8198,1900
2012,3500
2717,6000
7318,12500
1236,4200
3239,6500
589,4700
8627,4000
8377,1216
1653,1328
526,2800
6858,5600
10484,960
8535,7800
10448,6450
815,3300
6714,4300
6809,1000
1855,750
7516,2800
4430,600
3059,2900
7134,9500
9447,1700
10629,3700
1881,2500
6158,2600
4402,14000
2282,700
7294,11000
2975,1200
7002,1900
2171,1200
5782,750
6224,1290
8980,7650
1567,7693
8903,4150
9665,3500
7785,3375
3797,8000
10401,2000
2050,10000
8830,1200
1740,3900
5496,7500
2163,2300
9601,3000
5879,1600
9057,3175
9221,2380
5905,1820
2032,1800
985,1800
3957,2680
3227,970
5633,10000
4064,2000
8974,1100
5537,1490
7358,2690
5205,1900
4453,2550
377,2200
6166,12000
3429,10000
8372,4200
779,3250
5542,2000
6475,3800
3647,5500
2114,2200
10478,3200
8945,1300
7361,4000
2000,1100
6723,5500
10521,5500
4924,15000
1174,900
8695,9000
4974,1600
1896,1400
1461,2550
7974,2000
3949,3500
5081,8667
8655,2100
10355,1950
2782,1275
6457,12000
9457,11480
7693,3400
5785,2600
8482,4000
1898,1209
5933,2300
7748,30000
4845,1000
4848,1450
7964,2400
8270,5083
5912,1200
10255,2800
10636,2430
4303,1957
5755,1550
7977,2186
4605,1600
2527,1917
8386,10200
10101,2200
10503,3200
2853,2500
431,800
9834,2372
10637,8700
9848,10040
7658,3400
6461,2700
3005,1305
5330,3500
4812,2500
5582,1900
3841,1584
8975,2050
4798,6141
9363,15000
6538,5000
3441,1800
10224,4000
7389,10000
682,3000
1140,6500
1370,1400
2554,6300
4254,8000
7842,1350
445,2480
3652,2200
1353,1300
7431,3550
7526,1720
9701,2000
7808,4500
9073,2300
5462,8200
5295,6600
6726,15000
510,7650
7581,3700
8447,2100
4394,13000
6155,14000
8222,4500
6590,971
10414,2600
7125,4500
7600,1250
2893,3200
10572,680
6592,2735
4331,3400
2998,3978
2183,6000
4074,1400
7546,1600
2871,1930
1573,8500
4872,2100
951,10000
2559,2200
429,1100
9238,1490
961,4800
5617,10000
5851,550
6722,3800
5920,720
723,2500
4824,2500
349,3740
2971,4800
652,10900
7687,8000
919,1600
5554,1155
8572,2580
10053,920
4462,2500
179,2000
5927,1700
6072,3100
4968,1420
9884,8880
7690,2400
8728,4600
7333,1200
4776,8000
2187,1600
10104,3100
3748,1600
9922,1000
9087,700
7777,700
1876,1300
626,10400
8606,3355
8088,1900
1292,2500
4029,3100
5428,1620
7692,1110
5279,2980
9146,2000
9316,1949
1956,4861
10155,2000
5967,12000
9100,4500
5374,8980
3264,4000
6703,700
8609,1900
4659,780
6105,5000
8449,6000
10260,4000
6066,2700
4825,5500
3686,6900
4282,860
8445,11000
83,4500
7611,1900
7363,2000
6963,10000
6747,2600
8992,8500
7891,1190
206,6500
1085,2900
8239,5900
5146,3200
2495,15000
9151,8000
2745,900
9094,1800
2309,1500
2096,2060
2255,950
338,15000
5672,6000
3880,2350
4301,3000
8079,10500
10046,3400
8927,4000
8569,800
7950,1400
9648,5000
628,7500
9867,882
10353,13500
7966,4675
8929,1305
9293,2600
7573,1300
5684,750
2493,5200
2865,10000
1997,1790
2442,4850
10283,15000
4999,10500
6452,3400
6352,4200
2875,3800
2687,780
2498,1500
20,3800
7295,3000
6591,2900
1525,1530
1650,940
10450,8500
1868,1200
502,12200
9544,2956
519,1800
6399,1520
9005,2000
4204,4000
7302,1700
3597,3300
7466,5300
10103,4950
5958,10000
5975,7200
1086,4000
8613,1177
980,12000
3192,5000
8344,5500
7259,1610
6108,3995
6491,1400
7131,1430
3702,750
5491,1050
5916,3500
4201,2800
1026,3510
9843,3824
5426,2000
785,2000
4699,8500
8160,3300
2136,12900
6328,13000
9869,4700
8473,6500
1083,7070
4602,2350
7039,3000
3918,8000
3471,5500
10527,1300
3817,2500
7097,1250
4540,4800
6926,2000
1506,3000
10197,5600
107,6000
2387,3500
667,3160
8164,2100
625,1600
9410,1453
2735,2200
6148,2700
8370,3400
5015,2800
8870,1250
239,1360
5068,6600
10504,900
6017,2900
7457,3230
8289,2000
2569,5200
6301,1600
9545,8389
7652,600
1929,8000
716,755
5032,1350
5520,9000
4746,850
6244,4800
9173,1050
247,750
852,1540
2505,1050
7591,2650
3272,1200
3480,5700
10512,3990
3330,1700
1768,2500
1927,10050
1035,1360
1180,5500
9837,5600
6024,5000
2001,1043
9612,1390
8820,2750
744,2300
7667,9500
2076,3300
9480,7000
5692,1400
3275,6500
4786,5900
4577,3800
4545,4550
10674,3300
4520,2500
4196,1865
8293,1500
1593,3300
3155,3700
10331,1400
8110,1100
8176,6000
2648,1100
170,1700
2080,930
8603,1700
806,3600
7444,2800
9780,1650
6585,1000
1901,1600
5293,4000
4750,2004
9416,3000
5132,650
8637,2170
4992,2700
1142,1800
235,1500
6483,1320
7113,850
8882,1450
7063,2100
3592,7500
1341,4700
381,7000
2471,5700
1953,3499
8716,1200
8433,6800
6927,2800
2191,8000
5516,850
4726,2000
1756,950
9774,1400
8626,8000
3187,950
6693,2800
9746,3100
2797,1900
7660,637
10218,500
1894,10160
5687,1125
3348,6000
6045,600
8275,1250
10468,5000
6967,9000
3152,3500
5880,2707
8360,2000
191,8000
6061,2100
5621,1400
2253,2840
9968,800
6529,1100
4860,2600
5675,803
7075,3150
5838,3200
3734,2300
7301,4300
7231,3000
7437,8000
1900,3600
1330,1700
7257,2900
8115,3500
10123,950
793,1900
6909,6400
1106,3300
5382,1650
10212,1900
6057,1167
8770,2210
9110,1000
7915,807
10137,1800
9329,1200
9147,1600
6363,1200
8540,2300
6623,9000
10097,2387
8249,4900
2669,10000
3286,680
10105,900
289,1100
1338,1010
747,4000
7583,12000
8953,1350
10472,15000
6879,2900
4892,2500
3798,4000
9629,1429
5551,3800
4741,1550
2601,1100
330,11000
3231,3825
2892,3480
5854,3400
2748,15000
3315,3170
5988,3000
1699,10000
8718,600
1148,2800
8977,8000
1877,5000
10247,1850
5928,2500
545,10200
10343,3200
7093,3900
1433,2400
8997,1050
5275,1390
4395,2792
6997,15000
8831,2200
5578,1300
3066,8600
7448,5000
3945,3800
6558,2300
5948,950
5494,5500
2981,2700
7620,5000
4710,4440
9272,2100
9247,1350
8969,15000
9972,1200
6633,2500
9012,3147
9224,3800
6235,999
4149,1100
1480,1900
1129,1400
5555,7900
3513,4000
3517,6250
9202,1350
3794,12000
3529,3000
3336,1100
940,8300
4273,1670
814,1040
8261,4000
1053,3000
10500,6300
4946,1679
4696,2300
6373,4500
496,1632
9159,2300
3643,1800
3698,3400
4398,1830
331,830
6885,1140
10311,7500
3496,1250
1123,7100
9703,2800
3065,8000
7484,5000
2310,15000
4194,1600
2948,1000
3906,2500
3788,9800
2269,791
4585,3100
2821,1540
2106,15000
3093,1600
7637,15000
8752,1800
2840,2001
5784,1200
251,2000
6184,700
4211,14000
4735,2000
15,8000
8778,14000
4069,840
9297,807
2611,3400
6671,2490
1583,10000
7781,2000
9370,5525
8333,2900
702,2200
3247,4700
6790,1750
8256,5500
8371,10200
1477,620
4715,8000
6980,3700
1510,1050
1048,7500
7255,10000
3328,4350
8751,2400
7555,4100
7062,12000
6863,8000
5326,2700
2415,6000
2260,2500
4385,2200
4640,4500
3408,1900
10106,1400
4570,3500
757,2800
2933,2400
339,815
2770,1100
3767,8500
4613,6800
8594,6700
4829,4500
1620,2174
1674,2000
8335,1100
7335,3500
559,1700
489,3500
7662,5900
9879,8000
3846,12000
8251,2878
8059,5000
878,4000
8184,2300
4107,7500
2586,755
6557,9000
3916,8500
2122,13000
9764,2900
6728,1410
1110,8000
3260,5500
8025,6000
9607,7110
1146,1050
4384,1100
1437,12000
7786,846
1318,1800
5365,3080
604,1710
8681,850
764,1500
7099,2840
1425,4200
9473,2200
4843,2500
7837,2200
6192,2040
6851,4335
5991,796
1306,3560
3986,1900
6617,1480
472,5000
10549,3850
1415,4200
9133,2850
5726,1134
5418,4000
6791,8000
4349,3000
6294,3635
1394,8700
3908,3200
7665,2700
763,1130
8957,12000
10586,8000
6874,1850
8785,6300
7000,900
2153,1370
1913,3100
2800,2100
2822,6000
3135,8000
24,1800
8933,1100
6026,2200
7843,700
163,976
8826,1300
8556,2300
8546,1100
5425,2200
2447,10000
2209,6000
1488,3300
4439,2500
8389,1250
5271,1200
1775,1040
4332,3500
5141,2522
3569,2700
922,800
4073,1300
95,2957
2233,1200
4668,1350
6674,5000
7733,2500
7639,825
1356,750
4705,2200
30,1068
5373,4619
2791,3000
257,15000
7366,9000
7313,1200
7241,780
7068,4600
2169,800
2947,1310
1852,1850
6780,3500
6897,1550
4047,7000
7080,10000
8632,1250
6122,1040
5123,10800
4316,3000
9165,1305
6093,4000
9191,750
9442,4500
327,6300
2744,7000
7297,2200
8581,3000
9291,2550
226,5150
6054,8000
5750,1500
4207,5048
1867,1200
9886,2400
9301,3200
203,1100
7041,6000
613,1250
9782,2200
9497,700
3134,950
6089,2800
1475,1199
4473,5000
2539,770
3701,5800
1004,3000
5843,3200
9699,4280
4557,1100
9743,12000
4457,6000
6730,5300
1045,2600
9526,3300
7425,1100
8209,1512
6336,3000
2198,1550
372,2000
8735,3000
3687,2600
7818,5500
1513,1100
1915,15000
474,1500
6999,780
4050,7700
1619,2975
6940,2800
9803,1900
10360,2050
4610,1700
5527,6400
591,9700
6925,900
6637,2700
1744,3175
10641,999
299,6000
4708,6000
7365,2800
2298,5000
2402,4200
483,4800
9619,1250
5003,1275
7427,8000
6449,2900
7146,2200
238,2100
8394,1420
6966,8000
10508,3000
5989,8500
10156,1230
10394,1305
1667,5500
2790,8200
4982,6000
10354,10000
7897,4250
5071,550
7967,4000
7258,4000
2258,7010
5411,1000
10668,870
869,1305
9566,1400
935,2200
10539,4000
3223,1400
4573,6500
9738,12750
5996,1500
1118,3655
2720,7300
9717,2200
2307,3500
10112,1449
9909,3300
2936,2750
630,2600
1060,4206
10584,991
1025,3900
3022,2000
6814,1090
5304,2372
1024,3200
3113,2700
144,7000
7708,1290
6473,950
9226,1330
6563,3300
5240,2006
1817,3500
3309,1350
7357,2950
5611,15000
7248,8000
6913,2200
2753,3150
408,15000
1372,6500
1966,2500
5158,3500
6750,1100
9731,6300
2545,1050
8299,7500
1309,2100
1993,2000
3153,3300
10365,3300
8662,3200
741,2240
4853,1700
4342,4800
1229,4750
8241,2350
6351,2896
577,1800
67,1700
2558,1100
7901,2600
2390,4600
4895,2000
758,2700
5281,2200
10241,2308
2355,3490
9729,3500
1251,8440
7824,2900
9723,1080
8032,1300
644,2200
7698,3500
3755,1050
4101,1300
2983,950
3375,4000
7374,1250
7321,3000
619,977
2686,1300
1305,1700
8984,2400
2663,2500
7602,1080
8,15000
10273,800
121,2790
3394,4000
8702,5100
3279,1800
4505,5500
1136,1350
9946,8850
2810,1300
1440,8000
2969,1850
9958,1500
7116,2200
3870,3500
5406,3850
4484,2100
7798,2800
5445,3900
9349,2500
7021,2500
464,1350
3974,10870
6415,750
5970,930
2288,2200
8972,1000
9121,9500
10488,3800
10608,1000
7459,5000
8186,6900
1797,12500
7477,1500
2530,3300
1772,1370
952,10000
9957,11500
8678,3400
8873,1200
9400,2900
7884,4700
6804,1450
5094,2700
3310,11000
2352,2900
9981,3600
8425,15000
829,2200
5548,1500
8639,8000
1646,1200
840,500
6844,2400
9336,1720
48,1700
8964,10000
5944,2700
5327,1100
